-- phpMyAdmin SQL Dump
-- version 4.5.1
-- http://www.phpmyadmin.net
--
-- Host: 127.0.0.1
-- Generation Time: 28 Mei 2016 pada 15.03
-- Versi Server: 10.1.8-MariaDB
-- PHP Version: 5.6.14

SET SQL_MODE = "NO_AUTO_VALUE_ON_ZERO";
SET time_zone = "+00:00";


/*!40101 SET @OLD_CHARACTER_SET_CLIENT=@@CHARACTER_SET_CLIENT */;
/*!40101 SET @OLD_CHARACTER_SET_RESULTS=@@CHARACTER_SET_RESULTS */;
/*!40101 SET @OLD_COLLATION_CONNECTION=@@COLLATION_CONNECTION */;
/*!40101 SET NAMES utf8mb4 */;

--
-- Database: `sekolahku`
--

-- --------------------------------------------------------

--
-- Struktur dari tabel `absen`
--

CREATE TABLE `absen` (
  `ida` int(10) NOT NULL,
  `ids` int(10) NOT NULL,
  `tgl` varchar(100) NOT NULL,
  `ket` varchar(3) NOT NULL,
  `jam` int(3) NOT NULL
) ENGINE=InnoDB DEFAULT CHARSET=latin1;

--
-- Dumping data untuk tabel `absen`
--

INSERT INTO `absen` (`ida`, `ids`, `tgl`, `ket`, `jam`) VALUES
(3, 50, '0-0-', 'N', 2),
(4, 51, '0-0-', 'N', 2),
(5, 53, '0-0-', 'N', 2),
(6, 54, '0-0-', 'N', 2),
(7, 55, '0-0-', 'N', 2),
(8, 56, '0-0-', 'A', 2),
(9, 57, '0-0-', 'N', 2),
(10, 58, '0-0-', 'N', 2),
(11, 59, '0-0-', 'N', 2),
(12, 60, '0-0-', '', 2),
(13, 61, '0-0-', '', 2),
(14, 62, '0-0-', '', 2),
(15, 63, '0-0-', '', 2),
(16, 65, '0-0-', '', 2),
(17, 66, '0-0-', '', 2),
(18, 67, '0-0-', '', 2),
(19, 68, '0-0-', '', 2),
(20, 69, '0-0-', '', 2),
(21, 70, '0-0-', '', 2),
(22, 72, '0-0-', '', 2),
(23, 73, '0-0-', '', 2),
(24, 74, '0-0-', '', 2),
(25, 75, '0-0-', '', 2),
(26, 76, '0-0-', '', 2),
(27, 77, '0-0-', '', 2),
(28, 78, '0-0-', '', 2),
(29, 79, '0-0-', '', 2),
(30, 80, '0-0-', '', 2),
(31, 81, '0-0-', '', 2),
(32, 82, '0-0-', '', 2),
(33, 83, '0-0-', '', 2),
(34, 84, '0-0-', '', 2),
(35, 85, '0-0-', '', 2),
(36, 86, '0-0-', '', 2),
(37, 87, '0-0-', '', 2),
(38, 88, '0-0-', '', 2),
(39, 89, '0-0-', '', 2),
(40, 90, '0-0-', '', 2),
(41, 91, '0-0-', '', 2),
(42, 92, '0-0-', '', 2),
(43, 93, '0-0-', '', 2),
(44, 94, '0-0-', '', 2),
(45, 95, '0-0-', 'N', 2),
(46, 50, '0-0-', 'N', 1),
(47, 51, '0-0-', 'N', 1),
(48, 53, '0-0-', 'N', 1),
(49, 54, '0-0-', 'N', 1),
(50, 55, '0-0-', 'N', 1),
(51, 56, '0-0-', 'N', 1),
(52, 57, '0-0-', 'N', 1),
(53, 58, '0-0-', 'N', 1),
(54, 59, '0-0-', 'N', 1),
(55, 60, '0-0-', '', 1),
(56, 61, '0-0-', '', 1),
(57, 62, '0-0-', '', 1),
(58, 63, '0-0-', '', 1),
(59, 65, '0-0-', '', 1),
(60, 66, '0-0-', '', 1),
(61, 67, '0-0-', '', 1),
(62, 68, '0-0-', '', 1),
(63, 69, '0-0-', '', 1),
(64, 70, '0-0-', '', 1),
(65, 72, '0-0-', '', 1),
(66, 73, '0-0-', '', 1),
(67, 74, '0-0-', '', 1),
(68, 75, '0-0-', '', 1),
(69, 76, '0-0-', '', 1),
(70, 77, '0-0-', '', 1),
(71, 78, '0-0-', '', 1),
(72, 79, '0-0-', '', 1),
(73, 80, '0-0-', '', 1),
(74, 81, '0-0-', '', 1),
(75, 82, '0-0-', '', 1),
(76, 83, '0-0-', '', 1),
(77, 84, '0-0-', '', 1),
(78, 85, '0-0-', '', 1),
(79, 86, '0-0-', '', 1),
(80, 87, '0-0-', '', 1),
(81, 88, '0-0-', '', 1),
(82, 89, '0-0-', '', 1),
(83, 90, '0-0-', '', 1),
(84, 91, '0-0-', '', 1),
(85, 92, '0-0-', '', 1),
(86, 93, '0-0-', '', 1),
(87, 94, '0-0-', '', 1),
(88, 95, '0-0-', 'N', 1),
(89, 96, '0-0-', 'A', 5),
(90, 97, '0-0-', 'A', 5),
(91, 98, '0-0-', 'A', 5),
(92, 99, '0-0-', 'N', 5),
(93, 100, '0-0-', 'N', 5),
(94, 101, '0-0-', 'N', 5),
(95, 102, '0-0-', 'N', 5),
(96, 103, '0-0-', 'A', 5),
(97, 104, '0-0-', 'M', 5),
(98, 105, '0-0-', 'M', 5),
(99, 106, '0-0-', '', 5),
(100, 107, '0-0-', '', 5),
(101, 108, '0-0-', '', 5),
(102, 109, '0-0-', '', 5),
(103, 110, '0-0-', '', 5),
(104, 111, '0-0-', '', 5),
(105, 112, '0-0-', '', 5),
(106, 113, '0-0-', '', 5),
(107, 114, '0-0-', '', 5),
(108, 115, '0-0-', '', 5),
(109, 116, '0-0-', '', 5),
(110, 117, '0-0-', '', 5),
(111, 118, '0-0-', '', 5),
(112, 119, '0-0-', '', 5),
(113, 120, '0-0-', '', 5),
(114, 121, '0-0-', '', 5),
(115, 122, '0-0-', '', 5),
(116, 123, '0-0-', '', 5),
(117, 124, '0-0-', '', 5),
(118, 125, '0-0-', '', 5),
(119, 126, '0-0-', '', 5),
(120, 127, '0-0-', '', 5),
(121, 128, '0-0-', '', 5),
(122, 129, '0-0-', '', 5),
(123, 130, '0-0-', '', 5),
(124, 131, '0-0-', '', 5),
(125, 132, '0-0-', '', 5),
(126, 133, '0-0-', '', 5),
(127, 134, '0-0-', '', 5),
(128, 135, '0-0-', '', 5),
(129, 136, '0-0-', '', 5),
(130, 137, '0-0-', '', 5),
(131, 138, '0-0-', '', 5),
(132, 148, '0-0-', '', 5),
(133, 154, '0-0-', '', 5),
(134, 280, '0-0-', '', 5),
(135, 96, '0-0-', 'M', 6),
(136, 97, '0-0-', 'N', 6),
(137, 98, '0-0-', 'N', 6),
(138, 99, '0-0-', 'N', 6),
(139, 100, '0-0-', 'N', 6),
(140, 101, '0-0-', 'N', 6),
(141, 102, '0-0-', 'N', 6),
(142, 103, '0-0-', 'N', 6),
(143, 104, '0-0-', 'N', 6),
(144, 105, '0-0-', 'N', 6),
(145, 106, '0-0-', '', 6),
(146, 107, '0-0-', '', 6),
(147, 108, '0-0-', '', 6),
(148, 109, '0-0-', '', 6),
(149, 110, '0-0-', '', 6),
(150, 111, '0-0-', '', 6),
(151, 112, '0-0-', '', 6),
(152, 113, '0-0-', '', 6),
(153, 114, '0-0-', '', 6),
(154, 115, '0-0-', '', 6),
(155, 116, '0-0-', '', 6),
(156, 117, '0-0-', '', 6),
(157, 118, '0-0-', '', 6),
(158, 119, '0-0-', '', 6),
(159, 120, '0-0-', '', 6),
(160, 121, '0-0-', '', 6),
(161, 122, '0-0-', '', 6),
(162, 123, '0-0-', '', 6),
(163, 124, '0-0-', '', 6),
(164, 125, '0-0-', '', 6),
(165, 126, '0-0-', '', 6),
(166, 127, '0-0-', '', 6),
(167, 128, '0-0-', '', 6),
(168, 129, '0-0-', '', 6),
(169, 130, '0-0-', '', 6),
(170, 131, '0-0-', '', 6),
(171, 132, '0-0-', '', 6),
(172, 133, '0-0-', '', 6),
(173, 134, '0-0-', '', 6),
(174, 135, '0-0-', '', 6),
(175, 136, '0-0-', '', 6),
(176, 137, '0-0-', '', 6),
(177, 138, '0-0-', '', 6),
(178, 148, '0-0-', '', 6),
(179, 154, '0-0-', '', 6),
(180, 280, '0-0-', '', 6),
(181, 96, '0-0-', 'A', 1),
(182, 97, '0-0-', 'I', 1),
(183, 98, '0-0-', 'N', 1),
(184, 99, '0-0-', 'N', 1),
(185, 100, '0-0-', 'N', 1),
(186, 101, '0-0-', 'N', 1),
(187, 102, '0-0-', 'N', 1),
(188, 103, '0-0-', 'N', 1),
(189, 104, '0-0-', 'N', 1),
(190, 105, '0-0-', 'N', 1),
(191, 106, '0-0-', '', 1),
(192, 107, '0-0-', '', 1),
(193, 108, '0-0-', '', 1),
(194, 109, '0-0-', '', 1),
(195, 110, '0-0-', '', 1),
(196, 111, '0-0-', '', 1),
(197, 112, '0-0-', '', 1),
(198, 113, '0-0-', '', 1),
(199, 114, '0-0-', '', 1),
(200, 115, '0-0-', '', 1),
(201, 116, '0-0-', '', 1),
(202, 117, '0-0-', '', 1),
(203, 118, '0-0-', '', 1),
(204, 119, '0-0-', '', 1),
(205, 120, '0-0-', '', 1),
(206, 121, '0-0-', '', 1),
(207, 122, '0-0-', '', 1),
(208, 123, '0-0-', '', 1),
(209, 124, '0-0-', '', 1),
(210, 125, '0-0-', '', 1),
(211, 126, '0-0-', '', 1),
(212, 127, '0-0-', '', 1),
(213, 128, '0-0-', '', 1),
(214, 129, '0-0-', '', 1),
(215, 130, '0-0-', '', 1),
(216, 131, '0-0-', '', 1),
(217, 132, '0-0-', '', 1),
(218, 133, '0-0-', '', 1),
(219, 134, '0-0-', '', 1),
(220, 135, '0-0-', '', 1),
(221, 136, '0-0-', '', 1),
(222, 137, '0-0-', '', 1),
(223, 138, '0-0-', '', 1),
(224, 148, '0-0-', '', 1),
(225, 154, '0-0-', '', 1),
(226, 280, '0-0-', '', 1),
(227, 317, '0-0-', '', 4),
(228, 318, '0-0-', '', 4),
(229, 319, '0-0-', '', 4),
(230, 320, '0-0-', '', 4),
(231, 321, '0-0-', '', 4),
(232, 322, '0-0-', '', 4),
(233, 323, '0-0-', '', 4),
(234, 324, '0-0-', '', 4),
(235, 325, '0-0-', '', 4),
(236, 326, '0-0-', '', 4),
(237, 328, '0-0-', 'N', 4),
(238, 329, '0-0-', 'N', 4),
(239, 330, '0-0-', 'N', 4),
(240, 331, '0-0-', 'N', 4),
(241, 332, '0-0-', 'N', 4),
(242, 333, '0-0-', 'N', 4),
(243, 334, '0-0-', 'N', 4),
(244, 335, '0-0-', 'N', 4),
(245, 336, '0-0-', 'N', 4),
(246, 337, '0-0-', 'N', 4),
(247, 338, '0-0-', '', 4),
(248, 339, '0-0-', '', 4),
(249, 340, '0-0-', '', 4),
(250, 341, '0-0-', '', 4),
(251, 342, '0-0-', '', 4),
(252, 343, '0-0-', '', 4),
(253, 344, '0-0-', '', 4),
(254, 345, '0-0-', '', 4),
(255, 346, '0-0-', '', 4),
(256, 347, '0-0-', '', 4),
(257, 348, '0-0-', '', 4),
(258, 349, '0-0-', '', 4),
(259, 350, '0-0-', '', 4),
(260, 351, '0-0-', '', 4),
(261, 352, '0-0-', '', 4),
(262, 353, '0-0-', '', 4),
(263, 355, '0-0-', '', 4),
(264, 356, '0-0-', '', 4),
(265, 357, '0-0-', '', 4),
(266, 358, '0-0-', '', 4),
(267, 359, '0-0-', '', 4),
(268, 360, '0-0-', '', 4),
(269, 361, '0-0-', '', 4),
(270, 362, '0-0-', '', 4),
(271, 363, '0-0-', '', 4),
(272, 364, '0-0-', '', 4);

-- --------------------------------------------------------

--
-- Struktur dari tabel `guru`
--

CREATE TABLE `guru` (
  `idg` int(10) NOT NULL,
  `nip` varchar(50) NOT NULL,
  `nama` varchar(100) NOT NULL,
  `jk` varchar(3) NOT NULL,
  `alamat` text NOT NULL,
  `idk` int(10) NOT NULL,
  `pass` text NOT NULL
) ENGINE=InnoDB DEFAULT CHARSET=latin1;

--
-- Dumping data untuk tabel `guru`
--

INSERT INTO `guru` (`idg`, `nip`, `nama`, `jk`, `alamat`, `idk`, `pass`) VALUES
(29, '', 'DIYANTO, S.Pd', 'L', '', 10, 'd41d8cd98f00b204e9800998ecf8427e'),
(30, '', 'Dra. SRI MEIYATI', 'P', '', 11, 'd41d8cd98f00b204e9800998ecf8427e'),
(31, '', 'SUBANDI, S.Pd', 'L', '', 12, 'd41d8cd98f00b204e9800998ecf8427e'),
(32, '', 'SUWARTO, S.Pd, M.Pd', 'L', '', 10, 'd41d8cd98f00b204e9800998ecf8427e'),
(33, '', 'ADE FITRIANA, S.Pd', 'P', '', 14, 'd41d8cd98f00b204e9800998ecf8427e'),
(34, '', 'MUSLIM, S.Pd', 'L', '', 15, 'd41d8cd98f00b204e9800998ecf8427e'),
(35, '', 'KRISNUGROHO, S.Pd', 'L', '', 16, 'd41d8cd98f00b204e9800998ecf8427e'),
(36, '', 'Drs. SOLIKIN', 'L', '', 17, 'd41d8cd98f00b204e9800998ecf8427e'),
(37, '', 'ELIANA, S.Pd', 'P', '', 18, 'd41d8cd98f00b204e9800998ecf8427e'),
(38, '', 'CECEP SUDRAJAT, S.Pd', 'L', '', 19, 'd41d8cd98f00b204e9800998ecf8427e'),
(39, '', 'AHMAD FAUZI, S.Pd', 'L', '', 20, 'd41d8cd98f00b204e9800998ecf8427e'),
(40, '', 'NANA RAHMAT PURNAMA, S.Pd', 'L', '', 21, 'd41d8cd98f00b204e9800998ecf8427e'),
(41, '', 'ATO KUSYANTO, S.Pd', 'L', '', 22, 'd41d8cd98f00b204e9800998ecf8427e');

-- --------------------------------------------------------

--
-- Struktur dari tabel `kelas`
--

CREATE TABLE `kelas` (
  `idk` int(10) NOT NULL,
  `id` int(10) NOT NULL,
  `nama` varchar(50) NOT NULL
) ENGINE=InnoDB DEFAULT CHARSET=latin1;

--
-- Dumping data untuk tabel `kelas`
--

INSERT INTO `kelas` (`idk`, `id`, `nama`) VALUES
(10, 2, 'X TKJ 1'),
(11, 2, 'X TKJ 2'),
(12, 2, 'X MM 1'),
(13, 2, 'X MM 2'),
(14, 2, 'X AK 1'),
(15, 2, 'X AK 2'),
(16, 2, 'X AK 3'),
(17, 2, 'X AK 4'),
(18, 2, 'X AP 1'),
(19, 2, 'X AP 2'),
(20, 2, 'X AP 3'),
(21, 2, 'X PM 1'),
(22, 2, 'X PM 2');

-- --------------------------------------------------------

--
-- Struktur dari tabel `sekolah`
--

CREATE TABLE `sekolah` (
  `id` int(10) NOT NULL,
  `kode` varchar(50) NOT NULL,
  `nama` varchar(100) NOT NULL,
  `alamat` text NOT NULL
) ENGINE=InnoDB DEFAULT CHARSET=latin1;

--
-- Dumping data untuk tabel `sekolah`
--

INSERT INTO `sekolah` (`id`, `kode`, `nama`, `alamat`) VALUES
(2, '2010902872872', 'SMK NEGERI 1 LEMAHABANG', 'Jl. Raya KH.Wahid Hasyim No.72');

-- --------------------------------------------------------

--
-- Struktur dari tabel `siswa`
--

CREATE TABLE `siswa` (
  `ids` int(10) NOT NULL,
  `nis` varchar(50) NOT NULL,
  `nama` varchar(100) NOT NULL,
  `jk` varchar(2) NOT NULL,
  `alamat` text NOT NULL,
  `idk` int(5) NOT NULL,
  `tlp` varchar(20) NOT NULL,
  `bapak` varchar(50) NOT NULL,
  `k_bapak` varchar(50) NOT NULL,
  `ibu` varchar(50) NOT NULL,
  `k_ibu` varchar(50) NOT NULL,
  `pass` text NOT NULL
) ENGINE=InnoDB DEFAULT CHARSET=latin1;

--
-- Dumping data untuk tabel `siswa`
--

INSERT INTO `siswa` (`ids`, `nis`, `nama`, `jk`, `alamat`, `idk`, `tlp`, `bapak`, `k_bapak`, `ibu`, `k_ibu`, `pass`) VALUES
(50, '151610003', 'ADE RAHMAWATI', 'P', '', 11, '', '', '', '', '', '827ccb0eea8a706c4c34a16891f84e7b'),
(51, '151610004', 'AHMAD NURSYIFA', 'L', '', 11, '', '', '', '', '', '827ccb0eea8a706c4c34a16891f84e7b'),
(53, '151610009', 'ARDILAH', 'P', '', 11, '', '', '', '', '', '827ccb0eea8a706c4c34a16891f84e7b'),
(54, '151610010', 'BIMA AJI WICAKSONO', 'L', '', 11, '', '', '', '', '', '827ccb0eea8a706c4c34a16891f84e7b'),
(55, '151610012', 'DIANTI FUJI ASTI', 'P', 'DS.CIKULAK', 11, '', '', '', '', '', '827ccb0eea8a706c4c34a16891f84e7b'),
(56, '151610014', 'DIKKY RAMADHAN', 'L', '', 11, '', '', '', '', '', '827ccb0eea8a706c4c34a16891f84e7b'),
(57, '151610016', 'DILLAJENG MAY ATHIAH', 'P', '', 11, '', '', '', '', '', '827ccb0eea8a706c4c34a16891f84e7b'),
(58, '151610020', 'EFI SILPIANA', 'P', '', 11, '', '', '', '', '', '827ccb0eea8a706c4c34a16891f84e7b'),
(59, '151610023', 'FAHMI BAHRURRIZKI', 'L', '', 11, '', '', '', '', '', 'd41d8cd98f00b204e9800998ecf8427e'),
(60, '151610026', 'FAHRI LUDIN', 'L', '', 11, '', '', '', '', '', 'd41d8cd98f00b204e9800998ecf8427e'),
(61, '151610025', 'FAIZAL ANWAR', 'L', '', 11, '', '', '', '', '', '827ccb0eea8a706c4c34a16891f84e7b'),
(62, '151610026', 'FAJAR MAULANA', 'L', '', 11, '', '', '', '', '', 'd41d8cd98f00b204e9800998ecf8427e'),
(63, '151610027', 'FITRI MELANDANI', 'P', '', 11, '', '', '', '', '', 'd41d8cd98f00b204e9800998ecf8427e'),
(65, '151610029', 'GINA PUTRI MELLYANA', 'P', '', 11, '', '', '', '', '', '7df27de84ed79a46d75c7c57ad00f76f'),
(66, '151610030', 'HENDOPA', 'L', '', 11, '', '', '', '', '', 'd41d8cd98f00b204e9800998ecf8427e'),
(67, '151610031', 'HERLIANA KARTIKA', 'P', '', 11, '', '', '', '', '', 'd41d8cd98f00b204e9800998ecf8427e'),
(68, '151610032', 'ICA ANGRANINGSIH', 'L', '', 11, '', '', '', '', '', 'd41d8cd98f00b204e9800998ecf8427e'),
(69, '151610036', 'ISTIHAROH', 'L', '', 11, '', '', '', '', '', 'd41d8cd98f00b204e9800998ecf8427e'),
(70, '151610041', 'KOMARUDIN', 'L', '', 11, '', '', '', '', '', 'd41d8cd98f00b204e9800998ecf8427e'),
(72, '151610042', 'LIA DAHLIA', 'P', '', 11, '', '', '', '', '', 'd41d8cd98f00b204e9800998ecf8427e'),
(73, '151610044', 'MANARUL SAPUTRA', 'L', 'DS.SEDONGKIDUL\r\nKEC.SEDONG\r\nKAB.CIREBON', 11, '81563669822', 'UUS RUSLAN', 'BURUH', 'ROHAENI', 'IBU RUMAH TANGGA', 'd41d8cd98f00b204e9800998ecf8427e'),
(74, '151610046', 'MEGA ROSMAWATI', 'P', '', 11, '', '', '', '', '', 'd41d8cd98f00b204e9800998ecf8427e'),
(75, '151610047', 'MERLIANTI', 'P', '', 11, '', '', '', '', '', 'd41d8cd98f00b204e9800998ecf8427e'),
(76, '151610053', 'MUHAMMAD BAYU KATRESNA', 'L', '', 11, '', '', '', '', '', 'd41d8cd98f00b204e9800998ecf8427e'),
(77, '151610054', 'MUHAMMAD FIKRI FANANI', 'L', '', 11, '', '', '', '', '', 'd41d8cd98f00b204e9800998ecf8427e'),
(78, '151610055', 'MUHAMMAD IBNU SINNA', 'L', '', 11, '', '', '', '', '', 'd41d8cd98f00b204e9800998ecf8427e'),
(79, '151610056', 'MUHAMMAD RAFFI ALFAIZ', 'L', '', 11, '', '', '', '', '', 'd41d8cd98f00b204e9800998ecf8427e'),
(80, '151610058', 'NAUVAL NUROCHMAN', 'L', '', 11, '', '', '', '', '', 'd41d8cd98f00b204e9800998ecf8427e'),
(81, '151610059', 'NISHFUL SABTIAN', 'L', '', 11, '', '', '', '', '', 'd41d8cd98f00b204e9800998ecf8427e'),
(82, '151610060', 'NUNILAWATI', 'P', '', 11, '', '', '', '', '', 'd41d8cd98f00b204e9800998ecf8427e'),
(83, '151610062', 'NUR AMALIA', 'P', '', 11, '', '', '', '', '', 'd41d8cd98f00b204e9800998ecf8427e'),
(84, '151610063', 'PUTRI AYU LESTARI', 'P', '', 11, '', '', '', '', '', 'd41d8cd98f00b204e9800998ecf8427e'),
(85, '151610068', 'RIO ROSIKIN', 'L', '', 11, '', '', '', '', '', 'd41d8cd98f00b204e9800998ecf8427e'),
(86, '151610069', 'RIVALDO JULIANO', 'L', '', 11, '', '', '', '', '', 'd41d8cd98f00b204e9800998ecf8427e'),
(87, '151610070', 'RUDI HARTONO', 'L', '', 11, '', '', '', '', '', 'd41d8cd98f00b204e9800998ecf8427e'),
(88, '151610072', 'SALSADILLA MULIA ANGGINI', 'P', '', 11, '', '', '', '', '', 'd41d8cd98f00b204e9800998ecf8427e'),
(89, '151610075', 'SITI NURAMANAH', 'P', '', 11, '', '', '', '', '', 'd41d8cd98f00b204e9800998ecf8427e'),
(90, '151610080', 'TANTRI SANDILLA', 'P', '', 11, '', '', '', '', '', 'd41d8cd98f00b204e9800998ecf8427e'),
(91, '151610082', 'ULWIYAH', 'P', '', 11, '', '', '', '', '', 'd41d8cd98f00b204e9800998ecf8427e'),
(92, '151610084', 'WILY ANDRIYAN', 'L', '', 11, '', '', '', '', '', 'd41d8cd98f00b204e9800998ecf8427e'),
(93, '151610085', 'WIWI WIDIA WATI', 'P', '', 11, '', '', '', '', '', 'd41d8cd98f00b204e9800998ecf8427e'),
(94, '151610087', 'YOSI ANDRIANTO', 'L', '', 11, '', '', '', '', '', 'd41d8cd98f00b204e9800998ecf8427e'),
(95, '151610005', 'AIDA DWI WIDIYANTI', 'P', '', 11, '', '', '', '', '', 'd41d8cd98f00b204e9800998ecf8427e'),
(96, '151610001', 'ABAD BADRU ZAMAN BINTARA', 'L', '', 10, '', '', '', '', '', 'd41d8cd98f00b204e9800998ecf8427e'),
(97, '151610002', 'ADE IRAWAN', 'L', '', 10, '', '', '', '', '', 'd41d8cd98f00b204e9800998ecf8427e'),
(98, '151610006', 'ALFIAN NURKHOLIS', 'L', '', 10, '', '', '', '', '', 'd41d8cd98f00b204e9800998ecf8427e'),
(99, '151610007', 'ALNI PEBRIANI AWDIYANTI', 'P', '', 10, '', '', '', '', '', 'd41d8cd98f00b204e9800998ecf8427e'),
(100, '151610008', 'ANJAS RURIYAN', 'L', '', 10, '', '', '', '', '', 'd41d8cd98f00b204e9800998ecf8427e'),
(101, '151610011', 'DEVI SITI NURIYA', 'P', '', 10, '', '', '', '', '', 'd41d8cd98f00b204e9800998ecf8427e'),
(102, '151610013', 'DIKI NURKHOLIS', 'L', '', 10, '', '', '', '', '', 'd41d8cd98f00b204e9800998ecf8427e'),
(103, '151610015', 'DILA SAFITRI ALLFIYA', 'P', '', 10, '', '', '', '', '', 'd41d8cd98f00b204e9800998ecf8427e'),
(104, '151610017', 'DINA MELIYANA', 'P', '', 10, '', '', '', '', '', 'd41d8cd98f00b204e9800998ecf8427e'),
(105, '151610018', 'DWI CAHYA BUKIT MANUNGGAL', 'L', '', 10, '', '', '', '', '', 'd41d8cd98f00b204e9800998ecf8427e'),
(106, '151610019', 'DWIKI HAIKAL', 'L', '', 10, '', '', '', '', '', 'd41d8cd98f00b204e9800998ecf8427e'),
(107, '151610021', 'EHA MEGA NURLAELA', 'P', '', 10, '', '', '', '', '', 'd41d8cd98f00b204e9800998ecf8427e'),
(108, '151610022', 'FAHDI LABIB', 'L', '', 10, '', '', '', '', '', 'd41d8cd98f00b204e9800998ecf8427e'),
(109, '151610028', 'GALIH ALDI PRIYATNA', 'L', '', 10, '', '', '', '', '', 'd41d8cd98f00b204e9800998ecf8427e'),
(110, '151610033', 'IKA SURYANI', 'L', '', 10, '', '', '', '', '', 'd41d8cd98f00b204e9800998ecf8427e'),
(111, '151610034', 'IRVA SITI NURHASANAH', 'L', '', 10, '', '', '', '', '', 'd41d8cd98f00b204e9800998ecf8427e'),
(112, '151610035', 'ARVAN ADI SAPUTRA', 'L', '', 10, '', '', '', '', '', 'd41d8cd98f00b204e9800998ecf8427e'),
(113, '151610037', 'JAKA NURANI', 'L', '', 10, '', '', '', '', '', 'd41d8cd98f00b204e9800998ecf8427e'),
(114, '151610038', 'JAYU NINGSIH', 'P', '', 10, '', '', '', '', '', 'd41d8cd98f00b204e9800998ecf8427e'),
(115, '151610039', 'JULYYA PUTRI DINATA', 'P', '', 10, '', '', '', '', '', 'd41d8cd98f00b204e9800998ecf8427e'),
(116, '151610040', 'KEVIN AURELA KURNIAWAN', 'L', '', 10, '', '', '', '', '', 'd41d8cd98f00b204e9800998ecf8427e'),
(117, '151610043', 'M.ADI SAEFUL BAHRI', 'L', '', 10, '', '', '', '', '', 'd41d8cd98f00b204e9800998ecf8427e'),
(118, '151610045', 'MEDI GUNAWAN', 'L', '', 10, '', '', '', '', '', 'd41d8cd98f00b204e9800998ecf8427e'),
(119, '151610048', 'MOH.GERHANA AJI', 'L', '', 10, '', '', '', '', '', 'd41d8cd98f00b204e9800998ecf8427e'),
(120, '151610049', 'MOHAMMAD ALFIN', 'L', '', 10, '', '', '', '', '', 'd41d8cd98f00b204e9800998ecf8427e'),
(121, '151610050', 'MOHAMMAD ARIEF FIRMANSYAH', 'L', '', 10, '', '', '', '', '', 'd41d8cd98f00b204e9800998ecf8427e'),
(122, '151610051', 'MUHAMAD AGUS IRYANTO', 'L', '', 10, '', '', '', '', '', 'd41d8cd98f00b204e9800998ecf8427e'),
(123, '151610052', 'MUHAMMAD AQIL HARIRI', 'L', '', 10, '', '', '', '', '', 'd41d8cd98f00b204e9800998ecf8427e'),
(124, '151610057', 'NADZARUDIN ALDI WIRANDA', 'L', '', 10, '', '', '', '', '', 'd41d8cd98f00b204e9800998ecf8427e'),
(125, '151610061', 'NUR AJI PRASETIYO', 'L', '', 10, '', '', '', '', '', 'd41d8cd98f00b204e9800998ecf8427e'),
(126, '151610064', 'RANI ARYANTI', 'P', '', 10, '', '', '', '', '', 'd41d8cd98f00b204e9800998ecf8427e'),
(127, '151610065', 'RHAMADAN AJI RAKASIWI', 'L', '', 10, '', '', '', '', '', 'd41d8cd98f00b204e9800998ecf8427e'),
(128, '151610066', 'RHEINA APRILIANA', 'P', '', 10, '', '', '', '', '', 'd41d8cd98f00b204e9800998ecf8427e'),
(129, '151610067', 'RIA FIFI DAHLIANA', 'P', '', 10, '', '', '', '', '', 'd41d8cd98f00b204e9800998ecf8427e'),
(130, '151610071', 'RUSNATO', 'L', '', 10, '', '', '', '', '', 'd41d8cd98f00b204e9800998ecf8427e'),
(131, '151610074', 'SITI NARIYAH', 'P', '', 10, '', '', '', '', '', 'd41d8cd98f00b204e9800998ecf8427e'),
(132, '151610076', 'SITI RAHAYU', 'P', '', 10, '', '', '', '', '', 'd41d8cd98f00b204e9800998ecf8427e'),
(133, '151610077', 'SITI SANIAH', 'P', '', 10, '', '', '', '', '', 'd41d8cd98f00b204e9800998ecf8427e'),
(134, '151610078', 'SUHANDI', 'L', '', 10, '', '', '', '', '', 'd41d8cd98f00b204e9800998ecf8427e'),
(135, '151610079', 'SYILVIA ANANDA', 'P', '', 10, '', '', '', '', '', 'd41d8cd98f00b204e9800998ecf8427e'),
(136, '151610081', 'TUBAGUS SAHID TRIWIJOYO', 'L', '', 10, '', '', '', '', '', 'd41d8cd98f00b204e9800998ecf8427e'),
(137, '151610083', 'VIVERA ANGGRAENI', 'P', '', 10, '', '', '', '', '', 'd41d8cd98f00b204e9800998ecf8427e'),
(138, '151610088', 'YUNITA LESTARI', 'P', '', 10, '', '', '', '', '', 'd41d8cd98f00b204e9800998ecf8427e'),
(139, '151610092', 'ADI ROHMAN', 'L', '', 12, '', '', '', '', '', 'd41d8cd98f00b204e9800998ecf8427e'),
(141, '151610093', 'AGISNA NURFADILA', 'L', '', 12, '', '', '', '', '', 'd41d8cd98f00b204e9800998ecf8427e'),
(142, '151610097', 'AMAR FATTAH BAEHAQI', 'L', '', 12, '', '', '', '', '', 'd41d8cd98f00b204e9800998ecf8427e'),
(143, '151610098', 'ANA KARMILA', 'P', '', 12, '', '', '', '', '', 'd41d8cd98f00b204e9800998ecf8427e'),
(144, '151610100', 'ANIS SINTIA WATI', 'P', '', 12, '', '', '', '', '', 'd41d8cd98f00b204e9800998ecf8427e'),
(145, '151610101', 'ANNISA', 'P', '', 12, '', '', '', '', '', 'd41d8cd98f00b204e9800998ecf8427e'),
(146, '151610103', 'BAYU INDRA BUDI', 'L', '', 12, '', '', '', '', '', 'd41d8cd98f00b204e9800998ecf8427e'),
(147, '151610105', 'BELLA SHINTIYA', 'P', '', 12, '', '', '', '', '', 'd41d8cd98f00b204e9800998ecf8427e'),
(148, '151610107', 'DEDI JUNAEDI', 'L', '', 10, '', '', '', '', '', 'd41d8cd98f00b204e9800998ecf8427e'),
(149, '151610108', 'DEWI FEBIYUNIAWATI', 'P', '', 12, '', '', '', '', '', 'd41d8cd98f00b204e9800998ecf8427e'),
(150, '151610111', 'DINDA APRILLIA ANDARINI', 'P', '', 12, '', '', '', '', '', 'd41d8cd98f00b204e9800998ecf8427e'),
(151, '151610112', 'DWI YULIA NINGSIH', 'P', '', 12, '', '', '', '', '', 'd41d8cd98f00b204e9800998ecf8427e'),
(152, '151610113', 'EKA ARIANI', 'P', '', 12, '', '', '', '', '', 'd41d8cd98f00b204e9800998ecf8427e'),
(153, '151610115', 'ELOK ANGGUN NADYA', 'P', '', 12, '', '', '', '', '', 'd41d8cd98f00b204e9800998ecf8427e'),
(154, '151610116', 'ELVA ASTUTI', 'P', '', 10, '', '', '', '', '', 'd41d8cd98f00b204e9800998ecf8427e'),
(155, '151610118', 'ERNA SILVIANA', 'P', '', 12, '', '', '', '', '', 'd41d8cd98f00b204e9800998ecf8427e'),
(156, '151610120', 'EVI ARIYANI', 'P', '', 12, '', '', '', '', '', 'd41d8cd98f00b204e9800998ecf8427e'),
(157, '151610121', 'FITHRIYANA', 'P', '', 12, '', '', '', '', '', 'd41d8cd98f00b204e9800998ecf8427e'),
(158, '151610123', 'HAYATI TRI WAHYUDI', 'P', '', 12, '', '', '', '', '', 'd41d8cd98f00b204e9800998ecf8427e'),
(159, '151610125', 'HILMI HERMAWATI', 'P', '', 12, '', '', '', '', '', 'd41d8cd98f00b204e9800998ecf8427e'),
(160, '151610126', 'IIS HARYATI', 'P', '', 12, '', '', '', '', '', 'd41d8cd98f00b204e9800998ecf8427e'),
(161, '151610127', 'IMAM ZAKI RAHMAN SIMANUNGKALIT', 'L', '', 12, '', '', '', '', '', 'd41d8cd98f00b204e9800998ecf8427e'),
(162, '151610128', 'INDRIYANI', 'P', '', 12, '', '', '', '', '', 'd41d8cd98f00b204e9800998ecf8427e'),
(163, '151610131', 'JULAENI', 'P', '', 12, '', '', '', '', '', 'd41d8cd98f00b204e9800998ecf8427e'),
(164, '151610133', 'KANTONI', 'L', '', 12, '', '', '', '', '', 'd41d8cd98f00b204e9800998ecf8427e'),
(165, '151610135', 'MASTUROH', 'P', '', 12, '', '', '', '', '', 'd41d8cd98f00b204e9800998ecf8427e'),
(166, '151610139', 'MUHAMMAD MIFTAH FARID', 'L', '', 12, '', '', '', '', '', 'd41d8cd98f00b204e9800998ecf8427e'),
(167, '151610140', 'MUHAMMAD RIZKY YUNIFAR S.P.', 'L', '', 12, '', '', '', '', '', 'd41d8cd98f00b204e9800998ecf8427e'),
(168, '151610142', 'NILA MUTIARA SANDRA', 'P', '', 12, '', '', '', '', '', 'd41d8cd98f00b204e9800998ecf8427e'),
(169, '151610147', 'RANTI WISRININDIA', 'P', '', 12, '', '', '', '', '', 'd41d8cd98f00b204e9800998ecf8427e'),
(170, '151610151', 'RUYATI', 'P', '', 12, '', '', '', '', '', 'd41d8cd98f00b204e9800998ecf8427e'),
(171, '151610154', 'SISKA SANTIKAWATI', 'P', '', 12, '', '', '', '', '', 'd41d8cd98f00b204e9800998ecf8427e'),
(172, '151610156', 'SITI HAMIDAH', 'P', '', 12, '', '', '', '', '', 'd41d8cd98f00b204e9800998ecf8427e'),
(173, '151610158', 'SITI MUSLIHA', 'P', '', 12, '', '', '', '', '', 'd41d8cd98f00b204e9800998ecf8427e'),
(174, '151610160', 'SRI DEWI', 'P', '', 12, '', '', '', '', '', 'd41d8cd98f00b204e9800998ecf8427e'),
(175, '151610164', 'THANIA DWI MUTIARA', 'P', '', 12, '', '', '', '', '', 'd41d8cd98f00b204e9800998ecf8427e'),
(176, '151610165', 'TIAS HERAWATI', 'P', '', 12, '', '', '', '', '', 'd41d8cd98f00b204e9800998ecf8427e'),
(177, '151610168', 'TOTO KUSWANTO', 'L', '', 12, '', '', '', '', '', 'd41d8cd98f00b204e9800998ecf8427e'),
(178, '151610171', 'VISTA NANJUNG KIRANA', 'P', '', 12, '', '', '', '', '', 'd41d8cd98f00b204e9800998ecf8427e'),
(179, '151610172', 'WIDIANINGSIH', 'P', '', 12, '', '', '', '', '', 'd41d8cd98f00b204e9800998ecf8427e'),
(180, '151610173', 'WIDIYA', 'P', '', 12, '', '', '', '', '', 'd41d8cd98f00b204e9800998ecf8427e'),
(181, '151610174', 'WILDAN', 'L', '', 12, '', '', '', '', '', 'd41d8cd98f00b204e9800998ecf8427e'),
(182, '151610176', 'ZIHAN FAHMI KOESWOYO', 'L', '', 12, '', '', '', '', '', 'd41d8cd98f00b204e9800998ecf8427e'),
(183, '151610089', 'ABIE YASA GERY WANANDHY', 'L', '', 13, '', '', '', '', '', 'd41d8cd98f00b204e9800998ecf8427e'),
(184, '151610090', 'ACHMAD DENDY YULIANTO', 'L', '', 13, '', '', '', '', '', 'd41d8cd98f00b204e9800998ecf8427e'),
(185, '151610091', 'ADI MUNALIM', 'L', '', 13, '', '', '', '', '', 'd41d8cd98f00b204e9800998ecf8427e'),
(186, '151610094', 'AJRIN KURNIA SAFITRI', 'P', '', 13, '', '', '', '', '', 'd41d8cd98f00b204e9800998ecf8427e'),
(187, '151610095', 'AKHMAD ALFARIZI', 'L', '', 13, '', '', '', '', '', 'd41d8cd98f00b204e9800998ecf8427e'),
(188, '151610096', 'ALDA AUREA BEATA', 'P', '', 13, '', '', '', '', '', 'd41d8cd98f00b204e9800998ecf8427e'),
(189, '151610099', 'ANGGI FARKHATUNNAILUFAR', 'P', '', 13, '', '', '', '', '', 'd41d8cd98f00b204e9800998ecf8427e'),
(190, '151610102', 'BAROKATUL MAULA', 'P', '', 13, '', '', '', '', '', 'd41d8cd98f00b204e9800998ecf8427e'),
(191, '151610104', 'BELA NABILA', 'P', '', 13, '', '', '', '', '', 'd41d8cd98f00b204e9800998ecf8427e'),
(192, '151610106', 'DANDI KRISYOKO', 'L', '', 13, '', '', '', '', '', 'd41d8cd98f00b204e9800998ecf8427e'),
(193, '151610109', 'DICKY RAMADHAN', 'L', '', 13, '', '', '', '', '', 'd41d8cd98f00b204e9800998ecf8427e'),
(194, '151610110', 'DIMAS PRI ANTONI', 'L', '', 13, '', '', '', '', '', 'd41d8cd98f00b204e9800998ecf8427e'),
(195, '151610114', 'ELIS SETIAWATI', 'P', '', 13, '', '', '', '', '', 'd41d8cd98f00b204e9800998ecf8427e'),
(196, '151610119', 'EUIS KOMALASARI', 'P', '', 13, '', '', '', '', '', 'd41d8cd98f00b204e9800998ecf8427e'),
(197, '151610122', 'FUJA ATRIYANI', 'P', '', 13, '', '', '', '', '', 'd41d8cd98f00b204e9800998ecf8427e'),
(198, '151610124', 'HELDA DAMAYANTI', 'P', '', 13, '', '', '', '', '', 'd41d8cd98f00b204e9800998ecf8427e'),
(199, '151610130', 'JAJANG RISNANDAR', 'L', '', 13, '', '', '', '', '', 'd41d8cd98f00b204e9800998ecf8427e'),
(200, '151610132', 'JUMANAH', 'P', '', 13, '', '', '', '', '', 'd41d8cd98f00b204e9800998ecf8427e'),
(201, '151610134', 'KARMILA', 'P', '', 13, '', '', '', '', '', 'd41d8cd98f00b204e9800998ecf8427e'),
(202, '151610136', 'MAULANA', 'L', '', 13, '', '', '', '', '', 'd41d8cd98f00b204e9800998ecf8427e'),
(203, '151610137', 'MOHAMAD YASIN', 'L', '', 13, '', '', '', '', '', 'd41d8cd98f00b204e9800998ecf8427e'),
(204, '151610138', 'MUHAMAD HERI RIJAL PAUJI', 'L', '', 13, '', '', '', '', '', 'd41d8cd98f00b204e9800998ecf8427e'),
(205, '151610141', 'MUTIA LIZANNAH R.', 'P', '', 13, '', '', '', '', '', 'd41d8cd98f00b204e9800998ecf8427e'),
(206, '151610144', 'NURUL FITRIANI', 'P', '', 13, '', '', '', '', '', 'd41d8cd98f00b204e9800998ecf8427e'),
(207, '151610145', 'PUPUT ARISKA', 'P', '', 13, '', '', '', '', '', 'd41d8cd98f00b204e9800998ecf8427e'),
(208, '151610146', 'RAHMAYANTI', 'P', '', 13, '', '', '', '', '', 'd41d8cd98f00b204e9800998ecf8427e'),
(209, '151610148', 'RIO SETIAWAN', 'L', '', 13, '', '', '', '', '', 'd41d8cd98f00b204e9800998ecf8427e'),
(210, '151610149', 'RIZKI ABDUL RAFI', 'L', '', 13, '', '', '', '', '', 'd41d8cd98f00b204e9800998ecf8427e'),
(211, '151610150', 'RIZKI MAULANA', 'L', '', 13, '', '', '', '', '', 'd41d8cd98f00b204e9800998ecf8427e'),
(212, '151610152', 'SIGIT RIZKI PANGESTU', 'L', '', 13, '', '', '', '', '', 'd41d8cd98f00b204e9800998ecf8427e'),
(213, '151610153', 'SINTA AMELIA', 'P', '', 13, '', '', '', '', '', 'd41d8cd98f00b204e9800998ecf8427e'),
(214, '151610155', 'SITI ANGGINI FAUZIAH', 'P', '', 13, '', '', '', '', '', 'd41d8cd98f00b204e9800998ecf8427e'),
(215, '151610157', 'SITI MAENAH', 'P', '', 13, '', '', '', '', '', 'd41d8cd98f00b204e9800998ecf8427e'),
(216, '151610159', 'SITI NURHANIA', 'P', '', 13, '', '', '', '', '', 'd41d8cd98f00b204e9800998ecf8427e'),
(217, '151610161', 'SRI YANTI', 'P', '', 13, '', '', '', '', '', 'd41d8cd98f00b204e9800998ecf8427e'),
(218, '151610162', 'SYIFA PUTRI DARMAENI', 'P', '', 13, '', '', '', '', '', 'd41d8cd98f00b204e9800998ecf8427e'),
(219, '151610163', 'TARA', 'P', '', 13, '', '', '', '', '', 'd41d8cd98f00b204e9800998ecf8427e'),
(220, '151610166', 'TITIN SATINAH', 'P', '', 13, '', '', '', '', '', 'd41d8cd98f00b204e9800998ecf8427e'),
(221, '151610167', 'TOMI BUDIMAN', 'L', '', 13, '', '', '', '', '', 'd41d8cd98f00b204e9800998ecf8427e'),
(222, '151610169', 'TUTI', 'P', '', 13, '', '', '', '', '', 'd41d8cd98f00b204e9800998ecf8427e'),
(223, '151610170', 'TUTI YANAH', 'P', '', 13, '', '', '', '', '', 'd41d8cd98f00b204e9800998ecf8427e'),
(224, '151610175', 'WINDI EKA PUJIYANTI', 'P', '', 13, '', '', '', '', '', 'd41d8cd98f00b204e9800998ecf8427e'),
(225, '151610183', 'AIDA FITRIANI', 'P', '', 14, '', '', '', '', '', 'd41d8cd98f00b204e9800998ecf8427e'),
(226, '151610189', 'ANGGI SAPUTRA', 'L', '', 14, '', '', '', '', '', 'd41d8cd98f00b204e9800998ecf8427e'),
(227, '151610192', 'ANISA TUNJANAN', 'P', '', 14, '', '', '', '', '', 'd41d8cd98f00b204e9800998ecf8427e'),
(228, '151610196', 'ANWAR ANDI CAHYONO', 'L', '', 14, '', '', '', '', '', 'd41d8cd98f00b204e9800998ecf8427e'),
(229, '151610197', 'ARYANA HERAWATI', 'P', '', 14, '', '', '', '', '', 'd41d8cd98f00b204e9800998ecf8427e'),
(230, '151610206', 'CUCU CUATI APRIYANTI', 'P', '', 14, '', '', '', '', '', 'd41d8cd98f00b204e9800998ecf8427e'),
(231, '151610210', 'DEDE ROHMAT SUWITO', 'L', '', 14, '', '', '', '', '', 'd41d8cd98f00b204e9800998ecf8427e'),
(232, '151610216', 'DEVI ROHAYANI', 'L', '', 14, '', '', '', '', '', 'd41d8cd98f00b204e9800998ecf8427e'),
(233, '151610217', 'DEWI PURWANTI', 'P', '', 14, '', '', '', '', '', 'd41d8cd98f00b204e9800998ecf8427e'),
(234, '151610222', 'DIMAS KHUMAIDILLA', 'L', '', 14, '', '', '', '', '', 'd41d8cd98f00b204e9800998ecf8427e'),
(235, '151610236', 'ERIKA', 'P', '', 14, '', '', '', '', '', 'd41d8cd98f00b204e9800998ecf8427e'),
(236, '151610245', 'FAUZIAH FEBRIANI', 'P', '', 14, '', '', '', '', '', 'd41d8cd98f00b204e9800998ecf8427e'),
(237, '151610250', 'HARRY PRIBOWO', 'L', '', 14, '', '', '', '', '', 'd41d8cd98f00b204e9800998ecf8427e'),
(238, '151610257', 'IKA HARTIKA', 'P', '', 14, '', '', '', '', '', 'd41d8cd98f00b204e9800998ecf8427e'),
(239, '151610258', 'ILMAN FAHRUZAMAN', 'L', '', 14, '', '', '', '', '', 'd41d8cd98f00b204e9800998ecf8427e'),
(240, '151610260', 'IMELDA FEBRIANTI', 'P', '', 14, '', '', '', '', '', 'd41d8cd98f00b204e9800998ecf8427e'),
(241, '151610261', 'INDAH NOOR HAYATI', 'P', '', 14, '', '', '', '', '', 'd41d8cd98f00b204e9800998ecf8427e'),
(242, '151610264', 'ISWATI', 'P', '', 14, '', '', '', '', '', 'd41d8cd98f00b204e9800998ecf8427e'),
(243, '151610266', 'JUPRI NUR RAHMAN', 'L', '', 14, '', '', '', '', '', 'd41d8cd98f00b204e9800998ecf8427e'),
(244, '151610271', 'KHOIRUNNISA', 'P', '', 14, '', '', '', '', '', 'd41d8cd98f00b204e9800998ecf8427e'),
(245, '151610287', 'MUHAMAD RIFKY ARIANDY', 'L', '', 14, '', '', '', '', '', 'd41d8cd98f00b204e9800998ecf8427e'),
(246, '151610289', 'MUHAMMAD RIFAT ROFIQI', 'L', '', 14, '', '', '', '', '', 'd41d8cd98f00b204e9800998ecf8427e'),
(247, '151610293', 'MULIA RAHMAWATI', 'P', '', 14, '', '', '', '', '', 'd41d8cd98f00b204e9800998ecf8427e'),
(248, '151610295', 'NATASYA TIARA PERTIWI', 'P', '', 14, '', '', '', '', '', 'd41d8cd98f00b204e9800998ecf8427e'),
(249, '151610304', 'NUR SAHADAH ROMADON', 'P', '', 14, '', '', '', '', '', 'd41d8cd98f00b204e9800998ecf8427e'),
(250, '151610306', 'PUTRI AGIS LARASATI', 'P', '', 14, '', '', '', '', '', 'd41d8cd98f00b204e9800998ecf8427e'),
(251, '151610307', 'R.FARID TUFAIL ULWAN', 'L', '', 14, '', '', '', '', '', 'd41d8cd98f00b204e9800998ecf8427e'),
(252, '151610312', 'RASMINAH', 'P', '', 14, '', '', '', '', '', 'd41d8cd98f00b204e9800998ecf8427e'),
(253, '151610314', 'RIAN PRATAMA', 'L', '', 14, '', '', '', '', '', 'd41d8cd98f00b204e9800998ecf8427e'),
(254, '151610319', 'ROHIM', 'L', '', 14, '', '', '', '', '', 'd41d8cd98f00b204e9800998ecf8427e'),
(255, '151610320', 'RULLY ERLANGGA ZULKARNAE', 'L', '', 14, '', '', '', '', '', 'd41d8cd98f00b204e9800998ecf8427e'),
(256, '151610323', 'SELI MARCELINA', 'P', '', 14, '', '', '', '', '', 'd41d8cd98f00b204e9800998ecf8427e'),
(257, '151610336', 'SITI NUR DAMAYANTI', 'P', '', 14, '', '', '', '', '', 'd41d8cd98f00b204e9800998ecf8427e'),
(258, '151610338', 'SITI NURHASANAH', 'P', '', 14, '', '', '', '', '', 'd41d8cd98f00b204e9800998ecf8427e'),
(259, '151610339', 'SITI NURJANAH', 'L', '', 14, '', '', '', '', '', 'd41d8cd98f00b204e9800998ecf8427e'),
(260, '151610340', 'SITI NURNANDIYAH', 'P', '', 14, '', '', '', '', '', 'd41d8cd98f00b204e9800998ecf8427e'),
(261, '151610343', 'SRI HAYATI', 'P', '', 14, '', '', '', '', '', 'd41d8cd98f00b204e9800998ecf8427e'),
(262, '151610348', 'SUHARDI', 'L', '', 14, '', '', '', '', '', 'd41d8cd98f00b204e9800998ecf8427e'),
(263, '151610350', 'SUSILAWATI', 'P', '', 14, '', '', '', '', '', 'd41d8cd98f00b204e9800998ecf8427e'),
(264, '151610351', 'SYAHLINA NURBAITI', 'P', '', 14, '', '', '', '', '', 'd41d8cd98f00b204e9800998ecf8427e'),
(265, '151610357', 'TIAN ISTIANAH', 'P', '', 14, '', '', '', '', '', 'd41d8cd98f00b204e9800998ecf8427e'),
(266, '151610361', 'UUS KHUSNUL KHOTIMAH', 'P', '', 14, '', '', '', '', '', 'd41d8cd98f00b204e9800998ecf8427e'),
(267, '151610365', 'YOESOEF ARDIANA PUTRA', 'L', '', 14, '', '', '', '', '', 'd41d8cd98f00b204e9800998ecf8427e'),
(268, '151610369', 'ZULFAH', 'P', '', 14, '', '', '', '', '', 'd41d8cd98f00b204e9800998ecf8427e'),
(269, '151610179', 'ADINDA MAHARANI DIANTY PUTRI', 'P', '', 15, '', '', '', '', '', 'd41d8cd98f00b204e9800998ecf8427e'),
(270, '151610180', 'AGUNG RAHMAT HIDAYAT ', 'L', '', 15, '', '', '', '', '', 'd41d8cd98f00b204e9800998ecf8427e'),
(271, '151610191', 'ANIQUL FIKAR', 'L', '', 15, '', '', '', '', '', 'd41d8cd98f00b204e9800998ecf8427e'),
(272, '151610199', 'AULIA DWI PUTRI ALISKA', 'P', '', 15, '', '', '', '', '', 'd41d8cd98f00b204e9800998ecf8427e'),
(273, '151610204', 'CAHYATI DEWI', 'P', '', 15, '', '', '', '', '', 'd41d8cd98f00b204e9800998ecf8427e'),
(274, '151610205', 'CINTIA HILDA', 'P', '', 15, '', '', '', '', '', 'd41d8cd98f00b204e9800998ecf8427e'),
(275, '151610212', 'DESI MARYANTI', 'P', '', 15, '', '', '', '', '', 'd41d8cd98f00b204e9800998ecf8427e'),
(276, '151610213', 'DETI KURNIASIH', 'P', '', 15, '', '', '', '', '', 'd41d8cd98f00b204e9800998ecf8427e'),
(277, '151610220', 'DIMAS APRI RIYALDI', 'L', '', 15, '', '', '', '', '', 'd41d8cd98f00b204e9800998ecf8427e'),
(278, '151610229', 'DWI ROSALINA', 'P', '', 15, '', '', '', '', '', 'd41d8cd98f00b204e9800998ecf8427e'),
(279, '151610238', 'ERIN INDRIANI', 'P', '', 15, '', '', '', '', '', 'd41d8cd98f00b204e9800998ecf8427e'),
(280, '151610240', 'ETI SUSILAWATI ASIH', 'P', '', 10, '', '', '', '', '', 'd41d8cd98f00b204e9800998ecf8427e'),
(281, '151610242', 'FAHMI ILMI', 'L', '', 15, '', '', '', '', '', 'd41d8cd98f00b204e9800998ecf8427e'),
(282, '151610252', 'HELIN LINARTI', 'P', '', 15, '', '', '', '', '', 'd41d8cd98f00b204e9800998ecf8427e'),
(283, '151610253', 'HENRA MULYANA', 'L', '', 15, '', '', '', '', '', 'd41d8cd98f00b204e9800998ecf8427e'),
(284, '151610255', 'IIS', 'P', '', 15, '', '', '', '', '', 'd41d8cd98f00b204e9800998ecf8427e'),
(285, '151610259', 'IMBRON', 'L', '', 15, '', '', '', '', '', 'd41d8cd98f00b204e9800998ecf8427e'),
(286, '151610262', 'INE NURUL FADILAH', 'P', '', 15, '', '', '', '', '', 'd41d8cd98f00b204e9800998ecf8427e'),
(287, '151610270', 'KHOFIFH ELSA', 'P', '', 15, '', '', '', '', '', 'd41d8cd98f00b204e9800998ecf8427e'),
(288, '151610283', 'MOHAMAD RIFAI', 'L', '', 15, '', '', '', '', '', 'd41d8cd98f00b204e9800998ecf8427e'),
(289, '151610280', 'MONIKA', 'P', '', 15, '', '', '', '', '', 'd41d8cd98f00b204e9800998ecf8427e'),
(290, '151610285', 'MUDINA', 'L', '', 15, '', '', '', '', '', 'd41d8cd98f00b204e9800998ecf8427e'),
(291, '151610288', 'MUHAMMAD BURHANNUDIN', 'L', '', 15, '', '', '', '', '', 'd41d8cd98f00b204e9800998ecf8427e'),
(292, '151610290', 'MUHAMMAD SYAHRIL LUTFI', 'L', '', 15, '', '', '', '', '', 'd41d8cd98f00b204e9800998ecf8427e'),
(293, '151610292', 'MUHAMMAD ZAENAL ASIQIN', 'L', '', 15, '', '', '', '', '', 'd41d8cd98f00b204e9800998ecf8427e'),
(294, '151610296', 'NITA AMELLIA', 'P', '', 15, '', '', '', '', '', 'd41d8cd98f00b204e9800998ecf8427e'),
(295, '151610320', 'NUR INDAH YULISTINA', 'P', '', 15, '', '', '', '', '', 'd41d8cd98f00b204e9800998ecf8427e'),
(296, '151610311', 'RANISAH', 'P', '', 15, '', '', '', '', '', 'd41d8cd98f00b204e9800998ecf8427e'),
(297, '151610313', 'RENAL AGUSTIN', 'L', '', 15, '', '', '', '', '', 'd41d8cd98f00b204e9800998ecf8427e'),
(298, '151610317', 'RIYON ANJAS MARA', 'L', '', 15, '', '', '', '', '', 'd41d8cd98f00b204e9800998ecf8427e'),
(299, '151610318', 'RIZKY MAULANA', 'L', '', 15, '', '', '', '', '', 'd41d8cd98f00b204e9800998ecf8427e'),
(300, '151610321', 'SALSABILAH BLASIKA', 'P', '', 15, '', '', '', '', '', 'd41d8cd98f00b204e9800998ecf8427e'),
(301, '151610326', 'SHELI SINTIA AMELIA', 'P', '', 15, '', '', '', '', '', 'd41d8cd98f00b204e9800998ecf8427e'),
(302, '151610327', 'SHELINDA FATIMAH', 'P', '', 15, '', '', '', '', '', 'd41d8cd98f00b204e9800998ecf8427e'),
(303, '151610332', 'SITI JUBAEDAH', 'P', '', 15, '', '', '', '', '', 'd41d8cd98f00b204e9800998ecf8427e'),
(304, '151610335', 'SITI MULYANI', 'P', '', 15, '', '', '', '', '', 'd41d8cd98f00b204e9800998ecf8427e'),
(305, '151610337', 'SITI NURFITRIANI', 'P', '', 15, '', '', '', '', '', 'd41d8cd98f00b204e9800998ecf8427e'),
(306, '151610342', 'SITI SAMROH', 'P', '', 15, '', '', '', '', '', 'd41d8cd98f00b204e9800998ecf8427e'),
(307, '151610345', 'SITI WIDIANINGSIH', 'P', '', 15, '', '', '', '', '', 'd41d8cd98f00b204e9800998ecf8427e'),
(308, '151610346', 'SUCI INDAH SARI', 'P', '', 15, '', '', '', '', '', 'd41d8cd98f00b204e9800998ecf8427e'),
(309, '151610349', 'SUKARTA', 'L', '', 15, '', '', '', '', '', 'd41d8cd98f00b204e9800998ecf8427e'),
(310, '151610354', 'TESA NURAENI', 'P', '', 15, '', '', '', '', '', 'd41d8cd98f00b204e9800998ecf8427e'),
(311, '151610355', 'TETI RAHMAWATI', 'P', '', 15, '', '', '', '', '', 'd41d8cd98f00b204e9800998ecf8427e'),
(312, '151610358', 'TIARA ANNISA', 'P', '', 15, '', '', '', '', '', 'd41d8cd98f00b204e9800998ecf8427e'),
(313, '151610359', 'TITIN SATINAH', 'P', '', 15, '', '', '', '', '', 'd41d8cd98f00b204e9800998ecf8427e'),
(314, '151610360', 'UMIRAH', 'P', '', 15, '', '', '', '', '', 'd41d8cd98f00b204e9800998ecf8427e'),
(315, '151610362', 'VIVI LOVIAN', 'P', '', 15, '', '', '', '', '', 'd41d8cd98f00b204e9800998ecf8427e'),
(316, '151610368', 'YULIANA PERMATA SARI', 'P', '', 15, '', '', '', '', '', 'd41d8cd98f00b204e9800998ecf8427e'),
(317, '151610177', 'AAN NURJANAH', 'P', '', 16, '', '', '', '', '', 'd41d8cd98f00b204e9800998ecf8427e'),
(318, '151610181', 'AGUS SOLIHIN', 'L', '', 16, '', '', '', '', '', 'd41d8cd98f00b204e9800998ecf8427e'),
(319, '151610185', 'ALDI WIRANTA LESMANA', 'L', '', 16, '', '', '', '', '', 'd41d8cd98f00b204e9800998ecf8427e'),
(320, '151610188', 'ANDI MAWARDI MUNHASIN', 'L', '', 16, '', '', '', '', '', 'd41d8cd98f00b204e9800998ecf8427e'),
(321, '151610193', 'ANISAH', 'P', '', 16, '', '', '', '', '', 'd41d8cd98f00b204e9800998ecf8427e'),
(322, '151610194', 'ANNA KHOLIPAH RAHAYU', 'P', '', 16, '', '', '', '', '', 'd41d8cd98f00b204e9800998ecf8427e'),
(323, '151610201', 'AYU ASTUTI', 'P', '', 16, '', '', '', '', '', 'd41d8cd98f00b204e9800998ecf8427e'),
(324, '151610207', 'DEA KRISTIANI', 'P', '', 16, '', '', '', '', '', 'd41d8cd98f00b204e9800998ecf8427e'),
(325, '151610208', 'DEA NIKITA SALSABILAH GUNALAN', 'P', '', 16, '', '', '', '', '', 'd41d8cd98f00b204e9800998ecf8427e'),
(326, '151610209', 'DEDE NINA MULIYANA', 'P', '', 16, '', '', '', '', '', 'd41d8cd98f00b204e9800998ecf8427e'),
(327, '151610214', 'DEVI AZIZAH', 'P', '', 15, '', '', '', '', '', 'd41d8cd98f00b204e9800998ecf8427e'),
(328, '151610219', 'DIANA FAHIRA', 'P', '', 16, '', '', '', '', '', 'd41d8cd98f00b204e9800998ecf8427e'),
(329, '151610223', 'DIMAS MULYADI', 'L', '', 16, '', '', '', '', '', 'd41d8cd98f00b204e9800998ecf8427e'),
(330, '151610226', 'DINI NURHAYATI', 'P', '', 16, '', '', '', '', '', 'd41d8cd98f00b204e9800998ecf8427e'),
(331, '151610228', 'DWI RHAMA SANJAYA', 'L', '', 16, '', '', '', '', '', 'd41d8cd98f00b204e9800998ecf8427e'),
(332, '151610232', 'EKA SEPTIANI', 'P', '', 16, '', '', '', '', '', 'd41d8cd98f00b204e9800998ecf8427e'),
(333, '151610235', 'ENITA', 'P', '', 16, '', '', '', '', '', 'd41d8cd98f00b204e9800998ecf8427e'),
(334, '151610237', 'ERIKA RUBI HEARTLAN', 'P', '', 16, '', '', '', '', '', 'd41d8cd98f00b204e9800998ecf8427e'),
(335, '151610241', 'EVA LISNAWATI', 'P', '', 16, '', '', '', '', '', 'd41d8cd98f00b204e9800998ecf8427e'),
(336, '151610243', 'FAHRUL ROZI', 'L', '', 16, '', '', '', '', '', 'd41d8cd98f00b204e9800998ecf8427e'),
(337, '151610247', 'FIKRI MUFIANTO', 'L', '', 16, '', '', '', '', '', 'd41d8cd98f00b204e9800998ecf8427e'),
(338, '151610248', 'FINA AMELLIA', 'P', '', 16, '', '', '', '', '', 'd41d8cd98f00b204e9800998ecf8427e'),
(339, '151610269', 'KHOERUNNISAA', 'P', '', 16, '', '', '', '', '', 'd41d8cd98f00b204e9800998ecf8427e'),
(340, '151610273', 'LIDYA PERTIWI', 'P', '', 16, '', '', '', '', '', 'd41d8cd98f00b204e9800998ecf8427e'),
(341, '151610275', 'LILIS SULISTIAN', 'P', '', 16, '', '', '', '', '', 'd41d8cd98f00b204e9800998ecf8427e'),
(342, '151610276', 'LILY MUZDALIDFAH', 'P', '', 16, '', '', '', '', '', 'd41d8cd98f00b204e9800998ecf8427e'),
(343, '151610277', 'LINDA NUR RAHMAWATI', 'P', '', 16, '', '', '', '', '', 'd41d8cd98f00b204e9800998ecf8427e'),
(344, '151610278', 'M.FAHRIDI ZAMAN', 'L', '', 16, '', '', '', '', '', 'd41d8cd98f00b204e9800998ecf8427e'),
(345, '151610279', 'MASRI', 'L', '', 16, '', '', '', '', '', 'd41d8cd98f00b204e9800998ecf8427e'),
(346, '151610281', 'MOH.ARIS MUNANDAR JATMIKO', 'L', '', 16, '', '', '', '', '', 'd41d8cd98f00b204e9800998ecf8427e'),
(347, '151610282', 'MOHAMAD FAJAR RAMADHAN', 'L', '', 16, '', '', '', '', '', 'd41d8cd98f00b204e9800998ecf8427e'),
(348, '151610284', 'MOHAMMAD IBNU ADIL HADID', 'L', '', 16, '', '', '', '', '', 'd41d8cd98f00b204e9800998ecf8427e'),
(349, '151610298', 'NOVI ABDURAHMAN', 'P', '', 16, '', '', '', '', '', 'd41d8cd98f00b204e9800998ecf8427e'),
(350, '151610299', 'NOVIATUL FAUZIAH', 'P', '', 16, '', '', '', '', '', 'd41d8cd98f00b204e9800998ecf8427e'),
(351, '151610301', 'NUNUNG NURJANAH', 'P', '', 16, '', '', '', '', '', 'd41d8cd98f00b204e9800998ecf8427e'),
(352, '151610309', 'RIHNURINA', 'P', '', 16, '', '', '', '', '', 'd41d8cd98f00b204e9800998ecf8427e'),
(353, '151610310', 'RANI MARYATI', 'P', '', 16, '', '', '', '', '', 'd41d8cd98f00b204e9800998ecf8427e'),
(354, '151610316', 'RINANTO', 'L', '', 15, '', '', '', '', '', 'd41d8cd98f00b204e9800998ecf8427e'),
(355, '151610324', 'SENDY TRI AMANDA', 'P', '', 16, '', '', '', '', '', 'd41d8cd98f00b204e9800998ecf8427e'),
(356, '151610328', 'SHILVIA ANGGRAENI', 'P', '', 16, '', '', '', '', '', 'd41d8cd98f00b204e9800998ecf8427e'),
(357, '151610329', 'SHINTA ARTIANA GITA MUSTIKA', 'P', '', 16, '', '', '', '', '', 'd41d8cd98f00b204e9800998ecf8427e'),
(358, '151610330', 'SITI AMANAH', 'P', '', 16, '', '', '', '', '', 'd41d8cd98f00b204e9800998ecf8427e'),
(359, '151610333', 'SITI KHODIJAH', 'P', '', 16, '', '', '', '', '', 'd41d8cd98f00b204e9800998ecf8427e'),
(360, '151610347', 'SUGENG GUNAWAN', 'L', '', 16, '', '', '', '', '', 'd41d8cd98f00b204e9800998ecf8427e'),
(361, '151610356', 'TIA KRISTINA', 'P', '', 16, '', '', '', '', '', 'd41d8cd98f00b204e9800998ecf8427e'),
(362, '151610363', 'WAENI', 'P', '', 16, '', '', '', '', '', 'd41d8cd98f00b204e9800998ecf8427e'),
(363, '151610364', 'WAHYU EKA SAPUTRA', 'P', '', 16, '', '', '', '', '', 'd41d8cd98f00b204e9800998ecf8427e'),
(364, '151610367', 'YULIA NURHASANAH', 'P', '', 16, '', '', '', '', '', 'd41d8cd98f00b204e9800998ecf8427e'),
(365, '151610178', 'ABDUL RIKI ', 'L', '', 17, '', '', '', '', '', 'd41d8cd98f00b204e9800998ecf8427e'),
(366, '151610182', 'AHMAD MAULANA SIDIK', 'L', '', 17, '', '', '', '', '', 'd41d8cd98f00b204e9800998ecf8427e'),
(367, '151610184', 'AIN MARLIANA', 'P', '', 17, '', '', '', '', '', 'd41d8cd98f00b204e9800998ecf8427e'),
(368, '151610186', 'ALVIAN DWI YULIANTO', 'L', '', 17, '', '', '', '', '', 'd41d8cd98f00b204e9800998ecf8427e'),
(369, '151610187', 'ANDI MAULANA', 'L', '', 17, '', '', '', '', '', 'd41d8cd98f00b204e9800998ecf8427e'),
(370, '151610190', 'ANGGUN ELANDA PUTRI', 'P', '', 17, '', '', '', '', '', 'd41d8cd98f00b204e9800998ecf8427e'),
(371, '151610195', 'ANNISSA MUTIARA HATI', 'P', '', 17, '', '', '', '', '', 'd41d8cd98f00b204e9800998ecf8427e'),
(372, '151610198', 'ASIH SUGIARTI', 'P', '', 17, '', '', '', '', '', 'd41d8cd98f00b204e9800998ecf8427e'),
(373, '151610200', 'AULIA FITRIYANI', 'P', '', 17, '', '', '', '', '', 'd41d8cd98f00b204e9800998ecf8427e'),
(374, '151610202', 'AYU NABILA', 'P', '', 17, '', '', '', '', '', 'd41d8cd98f00b204e9800998ecf8427e'),
(375, '151610203', 'AZIZATUL AULIA', 'P', '', 17, '', '', '', '', '', 'd41d8cd98f00b204e9800998ecf8427e'),
(376, '151610211', 'DEDE YUDIANA ROHYANI', 'L', '', 17, '', '', '', '', '', 'd41d8cd98f00b204e9800998ecf8427e'),
(377, '151610215', 'DEVI PERMATASARI', 'P', '', 17, '', '', '', '', '', 'd41d8cd98f00b204e9800998ecf8427e'),
(378, '151610218', 'DHEA PUTRI RACHMA', 'P', '', 17, '', '', '', '', '', 'd41d8cd98f00b204e9800998ecf8427e'),
(379, '151610221', 'DIMAS ERLANGGA', 'L', '', 17, '', '', '', '', '', 'd41d8cd98f00b204e9800998ecf8427e'),
(380, '151610224', 'DINA ANGGRAENI', 'P', '', 17, '', '', '', '', '', 'd41d8cd98f00b204e9800998ecf8427e'),
(381, '151610225', 'DINI FADILA SARI', 'P', '', 17, '', '', '', '', '', 'd41d8cd98f00b204e9800998ecf8427e'),
(382, '151610227', 'DIYON SAPUTRA', 'L', '', 17, '', '', '', '', '', 'd41d8cd98f00b204e9800998ecf8427e'),
(383, '151610230', 'EDWARD PERNANDA', 'L', '', 17, '', '', '', '', '', 'd41d8cd98f00b204e9800998ecf8427e'),
(384, '151610231', 'EKA SANDRAYANI', 'P', '', 17, '', '', '', '', '', 'd41d8cd98f00b204e9800998ecf8427e'),
(385, '151610234', 'ELOK MUSYAROFAH', 'P', '', 17, '', '', '', '', '', 'd41d8cd98f00b204e9800998ecf8427e'),
(386, '151610239', 'ESAH', 'P', '', 17, '', '', '', '', '', 'd41d8cd98f00b204e9800998ecf8427e'),
(387, '151610244', 'FAUZIA ULFA', 'P', '', 17, '', '', '', '', '', 'd41d8cd98f00b204e9800998ecf8427e'),
(388, '151610246', 'FEBRIANI PANCA SEPTIANI', 'P', '', 17, '', '', '', '', '', 'd41d8cd98f00b204e9800998ecf8427e'),
(389, '151610251', 'HARTONO', 'L', '', 17, '', '', '', '', '', 'd41d8cd98f00b204e9800998ecf8427e'),
(390, '151610254', 'HERU NUR HAERUDIN', 'L', '', 17, '', '', '', '', '', 'd41d8cd98f00b204e9800998ecf8427e'),
(391, '151610256', 'IKA DAYANTI', 'P', '', 17, '', '', '', '', '', 'd41d8cd98f00b204e9800998ecf8427e'),
(392, '151610263', 'ISNA WAHLIAMA', 'P', '', 17, '', '', '', '', '', 'd41d8cd98f00b204e9800998ecf8427e'),
(393, '151610265', 'IVAN DWI RAHMADANI', 'L', '', 17, '', '', '', '', '', 'd41d8cd98f00b204e9800998ecf8427e'),
(394, '151610267', 'KANIA WIDIASARI', 'P', '', 17, '', '', '', '', '', 'd41d8cd98f00b204e9800998ecf8427e'),
(395, '151610272', 'LENA AMELIA', 'P', '', 17, '', '', '', '', '', 'd41d8cd98f00b204e9800998ecf8427e'),
(396, '151610274', 'LILIS KURNIAWATI', 'P', '', 17, '', '', '', '', '', 'd41d8cd98f00b204e9800998ecf8427e'),
(397, '151610286', 'MUHAMAD ARIF RAHKMAN', 'L', '', 17, '', '', '', '', '', 'd41d8cd98f00b204e9800998ecf8427e'),
(398, '151610291', 'MUHAMMAD WILLY ARDIANSYAH', 'L', '', 17, '', '', '', '', '', 'd41d8cd98f00b204e9800998ecf8427e'),
(399, '151610194', 'NABILA FATURROHMAN', 'P', '', 17, '', '', '', '', '', 'd41d8cd98f00b204e9800998ecf8427e'),
(400, '151610297', 'NITA MUTIA', 'P', '', 17, '', '', '', '', '', 'd41d8cd98f00b204e9800998ecf8427e'),
(401, '151610300', 'NOVIANTI SUPRIHATIN', 'P', '', 17, '', '', '', '', '', 'd41d8cd98f00b204e9800998ecf8427e'),
(402, '151610303', 'NUR KOMALA SARI', 'P', '', 17, '', '', '', '', '', 'd41d8cd98f00b204e9800998ecf8427e'),
(403, '151610305', 'PEGI SUGIARTINI', 'P', '', 17, '', '', '', '', '', 'd41d8cd98f00b204e9800998ecf8427e'),
(404, '151610308', 'RAHAYU INDAH  LESTARI', 'P', '', 17, '', '', '', '', '', 'd41d8cd98f00b204e9800998ecf8427e'),
(405, '151610315', 'RIJA JUHANA', 'L', '', 17, '', '', '', '', '', 'd41d8cd98f00b204e9800998ecf8427e'),
(406, '151610322', 'SALSABILA HANINDA SEPTIORI', 'P', '', 17, '', '', '', '', '', 'd41d8cd98f00b204e9800998ecf8427e'),
(407, '151610325', 'SHEILA SYAHDILAH', 'P', '', 17, '', '', '', '', '', 'd41d8cd98f00b204e9800998ecf8427e'),
(408, '151610331', 'SITI AMELIA', 'P', '', 17, '', '', '', '', '', 'd41d8cd98f00b204e9800998ecf8427e'),
(409, '151610344', 'SITI KONIAH', 'P', '', 17, '', '', '', '', '', 'd41d8cd98f00b204e9800998ecf8427e'),
(410, '151610342', 'SITI RHMANISA', 'P', '', 17, '', '', '', '', '', 'd41d8cd98f00b204e9800998ecf8427e'),
(411, '151610344', 'SRI HIDAYANTI', 'P', '', 17, '', '', '', '', '', 'd41d8cd98f00b204e9800998ecf8427e'),
(412, '151610352', 'TATRI APRIANI', 'P', '', 17, '', '', '', '', '', 'd41d8cd98f00b204e9800998ecf8427e'),
(413, '151610353', 'TARMINI', 'L', '', 17, '', '', '', '', '', 'd41d8cd98f00b204e9800998ecf8427e'),
(414, '151610366', 'YUDA YUDIANTORO', 'L', '', 17, '', '', '', '', '', 'd41d8cd98f00b204e9800998ecf8427e'),
(415, '151610370', 'AAH AMANAH ', 'P', '', 18, '', '', '', '', '', 'd41d8cd98f00b204e9800998ecf8427e'),
(416, '151610371', 'ADE HERMAWAN', 'L', '', 18, '', '', '', '', '', 'd41d8cd98f00b204e9800998ecf8427e'),
(417, '151610373', 'AGI FAHRUDIN', 'L', '', 18, '', '', '', '', '', 'd41d8cd98f00b204e9800998ecf8427e'),
(418, '151610376', 'AHMAD SOFYAN', 'L', '', 18, '', '', '', '', '', 'd41d8cd98f00b204e9800998ecf8427e'),
(419, '151610381', 'AKNEUS MALHIDA', 'P', '', 18, '', '', '', '', '', 'd41d8cd98f00b204e9800998ecf8427e'),
(420, '151610383', 'AMELIA TRI KUSUMA', 'P', '', 18, '', '', '', '', '', 'd41d8cd98f00b204e9800998ecf8427e'),
(421, '151610384', 'ANGGA PATTARUDIN', 'L', '', 18, '', '', '', '', '', 'd41d8cd98f00b204e9800998ecf8427e'),
(422, '151610386', 'APRIYANTI NUROKHMAH', 'P', '', 18, '', '', '', '', '', 'd41d8cd98f00b204e9800998ecf8427e'),
(423, '151610388', 'ASTIANINGSIH', 'P', '', 18, '', '', '', '', '', 'd41d8cd98f00b204e9800998ecf8427e'),
(424, '151610391', 'CINDI ROMPAS', 'P', '', 18, '', '', '', '', '', 'd41d8cd98f00b204e9800998ecf8427e'),
(425, '151610392', 'DANIA AYU SUKMAWATI', 'P', '', 18, '', '', '', '', '', 'd41d8cd98f00b204e9800998ecf8427e'),
(426, '151610393', 'DEDE MELIANA', 'P', '', 18, '', '', '', '', '', 'd41d8cd98f00b204e9800998ecf8427e'),
(427, '151610401', 'EVA', 'P', '', 18, '', '', '', '', '', 'd41d8cd98f00b204e9800998ecf8427e'),
(428, '151610402', 'FADDILAH', 'P', '', 18, '', '', '', '', '', 'd41d8cd98f00b204e9800998ecf8427e'),
(429, '151610409', 'FITRI SULASTRI', 'P', '', 18, '', '', '', '', '', 'd41d8cd98f00b204e9800998ecf8427e'),
(430, '151610410', 'GEA HUSNI NABILLA', 'P', '', 18, '', '', '', '', '', 'd41d8cd98f00b204e9800998ecf8427e'),
(431, '151610413', 'HALDI BAHARUDIN', 'L', '', 18, '', '', '', '', '', 'd41d8cd98f00b204e9800998ecf8427e'),
(432, '151610420', 'INDRI NURLAELI', 'P', '', 18, '', '', '', '', '', 'd41d8cd98f00b204e9800998ecf8427e'),
(433, '151610421', 'ISLAH MUNAZI', 'P', '', 18, '', '', '', '', '', 'd41d8cd98f00b204e9800998ecf8427e'),
(434, '151610423', 'IYAN HANDRIYANA', 'L', '', 18, '', '', '', '', '', 'd41d8cd98f00b204e9800998ecf8427e'),
(435, '151610424', 'IYON MARYONO', 'L', '', 18, '', '', '', '', '', 'd41d8cd98f00b204e9800998ecf8427e'),
(436, '151610425', 'JAENAL ARIPIN', 'L', '', 18, '', '', '', '', '', 'd41d8cd98f00b204e9800998ecf8427e'),
(437, '151610427', 'KUSMIAWATI', 'P', '', 18, '', '', '', '', '', 'd41d8cd98f00b204e9800998ecf8427e'),
(438, '151610429', 'LESTIAWATI WIJAYANTI', 'P', '', 18, '', '', '', '', '', 'd41d8cd98f00b204e9800998ecf8427e'),
(439, '151610436', 'MELA RISKI FEBRIYANTI', 'P', '', 18, '', '', '', '', '', 'd41d8cd98f00b204e9800998ecf8427e'),
(440, '151610438', 'MELINDA AGUSTINA', 'P', '', 18, '', '', '', '', '', 'd41d8cd98f00b204e9800998ecf8427e'),
(441, '151610443', 'MOCHAMAD NUR FIRMANSYAH', 'L', '', 18, '', '', '', '', '', 'd41d8cd98f00b204e9800998ecf8427e'),
(442, '151610447', 'MUHAMMAD RIZALDY', 'L', '', 18, '', '', '', '', '', 'd41d8cd98f00b204e9800998ecf8427e'),
(443, '151610450', 'NAISMAWATI', 'P', '', 18, '', '', '', '', '', 'd41d8cd98f00b204e9800998ecf8427e'),
(444, '151610451', 'NELI NAILUFAR', 'P', '', 18, '', '', '', '', '', 'd41d8cd98f00b204e9800998ecf8427e'),
(445, '151610452', 'NELLA PEBRIANTI', 'P', '', 18, '', '', '', '', '', 'd41d8cd98f00b204e9800998ecf8427e'),
(446, '151610455', 'NINA LUSIANA', 'P', '', 18, '', '', '', '', '', 'd41d8cd98f00b204e9800998ecf8427e'),
(447, '151610461', 'NUR INDAH AMALIA ADIANA', 'P', '', 18, '', '', '', '', '', 'd41d8cd98f00b204e9800998ecf8427e'),
(448, '151610463', 'NURUL FITRI BASTIATI', 'P', '', 18, '', '', '', '', '', 'd41d8cd98f00b204e9800998ecf8427e'),
(449, '151610474', 'RIKA MUTIA', 'P', '', 18, '', '', '', '', '', 'd41d8cd98f00b204e9800998ecf8427e'),
(450, '151610479', 'ROYANAH', 'P', '', 18, '', '', '', '', '', 'd41d8cd98f00b204e9800998ecf8427e'),
(451, '151610480', 'RUKILAH', 'P', '', 18, '', '', '', '', '', 'd41d8cd98f00b204e9800998ecf8427e'),
(452, '151610485', 'SARLINA', 'P', '', 18, '', '', '', '', '', 'd41d8cd98f00b204e9800998ecf8427e'),
(453, '151610486', 'SEKAR NANDANI', 'P', '', 18, '', '', '', '', '', 'd41d8cd98f00b204e9800998ecf8427e'),
(454, '151610495', 'SULTAN NUR SAVANNAH', 'L', '', 18, '', '', '', '', '', 'd41d8cd98f00b204e9800998ecf8427e'),
(455, '151610497', 'TAUFIK ROHMAN', 'L', '', 18, '', '', '', '', '', 'd41d8cd98f00b204e9800998ecf8427e'),
(456, '151610499', 'TIARA LESTARI', 'P', '', 18, '', '', '', '', '', 'd41d8cd98f00b204e9800998ecf8427e'),
(457, '151610502', 'VENA NURLINA', 'P', '', 18, '', '', '', '', '', 'd41d8cd98f00b204e9800998ecf8427e'),
(458, '151610505', 'VIVI ALVIAH', 'P', '', 18, '', '', '', '', '', 'd41d8cd98f00b204e9800998ecf8427e'),
(459, '151610506', 'WAHYU SUKMANA', 'L', '', 18, '', '', '', '', '', 'd41d8cd98f00b204e9800998ecf8427e'),
(460, '151610507', 'WARDANI', 'L', '', 18, '', '', '', '', '', 'd41d8cd98f00b204e9800998ecf8427e'),
(461, '151610375', 'AHMAD FIRDAUS GUNTORO', 'L', '', 19, '', '', '', '', '', 'd41d8cd98f00b204e9800998ecf8427e'),
(462, '151610377', 'AHMAD ZAENUDIN', 'L', '', 19, '', '', '', '', '', 'd41d8cd98f00b204e9800998ecf8427e'),
(463, '151610378', 'AI NURHAYATI', 'P', '', 19, '', '', '', '', '', 'd41d8cd98f00b204e9800998ecf8427e'),
(464, '151610380', 'AJENG SITI AZIZAH', 'P', '', 19, '', '', '', '', '', 'd41d8cd98f00b204e9800998ecf8427e'),
(465, '151610382', 'ALFIAN AGUSTIAN', 'L', '', 19, '', '', '', '', '', 'd41d8cd98f00b204e9800998ecf8427e'),
(466, '151610389', 'AYU SYAFITRI', 'P', '', 19, '', '', '', '', '', 'd41d8cd98f00b204e9800998ecf8427e'),
(467, '151610390', 'BELLA DWI HERAWATI', 'P', '', 19, '', '', '', '', '', 'd41d8cd98f00b204e9800998ecf8427e'),
(468, '151610395', 'DEVI ANGGRAENI', 'P', '', 19, '', '', '', '', '', 'd41d8cd98f00b204e9800998ecf8427e'),
(469, '151610396', 'DIAH WHYAT AYUNINGSIH', 'P', '', 19, '', '', '', '', '', 'd41d8cd98f00b204e9800998ecf8427e'),
(470, '151610398', 'DINDA NURSAVITRI', 'P', '', 19, '', '', '', '', '', 'd41d8cd98f00b204e9800998ecf8427e'),
(471, '151610399', 'ELIS LISNAWATI', 'P', '', 19, '', '', '', '', '', 'd41d8cd98f00b204e9800998ecf8427e'),
(472, '151610405', 'FERA PEBIYOLANDASARI', 'P', '', 19, '', '', '', '', '', 'd41d8cd98f00b204e9800998ecf8427e'),
(473, '151610407', 'FIRMAN', 'L', '', 19, '', '', '', '', '', 'd41d8cd98f00b204e9800998ecf8427e'),
(474, '151610411', 'GINA NOVIANA', 'P', '', 19, '', '', '', '', '', 'd41d8cd98f00b204e9800998ecf8427e'),
(475, '151610415', 'HENDRI SETIAWAN', 'L', '', 19, '', '', '', '', '', 'd41d8cd98f00b204e9800998ecf8427e'),
(476, '151610417', 'IKA FATUROHMAN', 'L', '', 19, '', '', '', '', '', 'd41d8cd98f00b204e9800998ecf8427e'),
(477, '151610422', 'ITA JUWITA SARI', 'P', '', 19, '', '', '', '', '', 'd41d8cd98f00b204e9800998ecf8427e'),
(478, '151610430', 'LINA MARIYANAH', 'P', '', 19, '', '', '', '', '', 'd41d8cd98f00b204e9800998ecf8427e'),
(479, '151610433', 'M.FIQIH KURNIAWAN', 'L', '', 19, '', '', '', '', '', 'd41d8cd98f00b204e9800998ecf8427e'),
(480, '151610434', 'MAYA DIANTIKA SARI', 'P', '', 19, '', '', '', '', '', 'd41d8cd98f00b204e9800998ecf8427e'),
(481, '151610439', 'MELIYANA', 'P', '', 19, '', '', '', '', '', 'd41d8cd98f00b204e9800998ecf8427e'),
(482, '151610440', 'MIA DEWI ROSMIYATI', 'P', '', 19, '', '', '', '', '', 'd41d8cd98f00b204e9800998ecf8427e'),
(483, '151610442', 'MILA RISA AFRIANTI', 'P', '', 19, '', '', '', '', '', 'd41d8cd98f00b204e9800998ecf8427e'),
(484, '151610445', 'MOHAMMAD DAFFA HANDIKA', 'L', '', 19, '', '', '', '', '', 'd41d8cd98f00b204e9800998ecf8427e'),
(485, '151610448', 'MUHAMMAD SHAHIHAN AKHLAQULLISANI', 'L', '', 19, '', '', '', '', '', 'd41d8cd98f00b204e9800998ecf8427e'),
(486, '151610454', 'NIKA SANTIKA', 'P', '', 19, '', '', '', '', '', 'd41d8cd98f00b204e9800998ecf8427e'),
(487, '151610458', 'NUNU FATIMAH', 'P', '', 19, '', '', '', '', '', 'd41d8cd98f00b204e9800998ecf8427e'),
(488, '151610460', 'NUR FITRIANA', 'P', '', 19, '', '', '', '', '', 'd41d8cd98f00b204e9800998ecf8427e'),
(489, '151610464', 'PURWITA SARI', 'P', '', 19, '', '', '', '', '', 'd41d8cd98f00b204e9800998ecf8427e'),
(490, '151610465', 'PUTRI LESTARI', 'P', '', 19, '', '', '', '', '', 'd41d8cd98f00b204e9800998ecf8427e'),
(491, '151610466', 'RACHMAWATI', 'P', '', 19, '', '', '', '', '', 'd41d8cd98f00b204e9800998ecf8427e'),
(492, '151610467', 'RANI MARLINA', 'P', '', 19, '', '', '', '', '', 'd41d8cd98f00b204e9800998ecf8427e'),
(493, '151610470', 'RENITA HERMAWAN', 'P', '', 19, '', '', '', '', '', 'd41d8cd98f00b204e9800998ecf8427e'),
(494, '151610472', 'RIAN WAHYU FIRMANSYAH', 'L', '', 19, '', '', '', '', '', 'd41d8cd98f00b204e9800998ecf8427e'),
(495, '151610473', 'RIDA ISNUE HAENI', 'P', '', 19, '', '', '', '', '', 'd41d8cd98f00b204e9800998ecf8427e'),
(496, '151610478', 'RIRIN ANTIKA', 'P', '', 19, '', '', '', '', '', 'd41d8cd98f00b204e9800998ecf8427e'),
(497, '151610481', 'SAMIYA', 'P', '', 19, '', '', '', '', '', 'd41d8cd98f00b204e9800998ecf8427e'),
(498, '151610483', 'SARA DEPIANI', 'P', '', 19, '', '', '', '', '', 'd41d8cd98f00b204e9800998ecf8427e'),
(499, '151610490', 'SITI IZZATUL MAULA', 'P', '', 19, '', '', '', '', '', 'd41d8cd98f00b204e9800998ecf8427e'),
(500, '151610493', 'SRI MARIPAH', 'P', '', 19, '', '', '', '', '', 'd41d8cd98f00b204e9800998ecf8427e'),
(501, '151610496', 'SUNINGSIH', 'P', '', 19, '', '', '', '', '', 'd41d8cd98f00b204e9800998ecf8427e'),
(502, '151610498', 'TESA ANJANI', 'P', '', 19, '', '', '', '', '', 'd41d8cd98f00b204e9800998ecf8427e'),
(503, '151610500', 'TITI SUTINA', 'P', '', 19, '', '', '', '', '', 'd41d8cd98f00b204e9800998ecf8427e'),
(504, '151610504', 'VIRA TRI INDAH LESTARI', 'P', '', 19, '', '', '', '', '', 'd41d8cd98f00b204e9800998ecf8427e'),
(505, '151610509', 'WIDDIA TANIA SUGIARTO', 'P', '', 19, '', '', '', '', '', 'd41d8cd98f00b204e9800998ecf8427e'),
(506, '151610512', 'YOGI PERMANA PUTRA', 'L', '', 19, '', '', '', '', '', 'd41d8cd98f00b204e9800998ecf8427e'),
(507, '151610372', 'AFIF MULYADI', 'L', '', 20, '', '', '', '', '', 'd41d8cd98f00b204e9800998ecf8427e'),
(508, '151610374', 'AHMAD FAIZ ARDIANSYAH', 'L', '', 20, '', '', '', '', '', 'd41d8cd98f00b204e9800998ecf8427e'),
(509, '151610379', 'AINURROHMAH', 'P', '', 20, '', '', '', '', '', 'd41d8cd98f00b204e9800998ecf8427e'),
(510, '151610385', 'ANGGI', 'P', '', 20, '', '', '', '', '', 'd41d8cd98f00b204e9800998ecf8427e'),
(511, '151610387', 'ARIWF SYAIFUL ROKHMAN', 'L', '', 20, '', '', '', '', '', 'd41d8cd98f00b204e9800998ecf8427e'),
(512, '151610394', 'DEDE NITA', 'P', '', 20, '', '', '', '', '', 'd41d8cd98f00b204e9800998ecf8427e'),
(513, '151610397', 'DIKI WAHYUDI', 'L', '', 20, '', '', '', '', '', 'd41d8cd98f00b204e9800998ecf8427e'),
(514, '151610400', 'ERDIANA', 'L', '', 20, '', '', '', '', '', 'd41d8cd98f00b204e9800998ecf8427e'),
(515, '151610403', 'FARHANAH', 'P', '', 20, '', '', '', '', '', 'd41d8cd98f00b204e9800998ecf8427e'),
(516, '151610404', 'FATIMAH', 'P', '', 20, '', '', '', '', '', 'd41d8cd98f00b204e9800998ecf8427e'),
(517, '151610406', 'FERA WIDIA FARHATUNISSA', 'P', '', 20, '', '', '', '', '', 'd41d8cd98f00b204e9800998ecf8427e'),
(518, '151610408', 'FITALOKA', 'P', '', 20, '', '', '', '', '', 'd41d8cd98f00b204e9800998ecf8427e'),
(519, '151610412', 'GINA SONIA', 'P', '', 20, '', '', '', '', '', 'd41d8cd98f00b204e9800998ecf8427e'),
(520, '151610414', 'HANI SIFA FARASOFIKA', 'P', '', 20, '', '', '', '', '', 'd41d8cd98f00b204e9800998ecf8427e'),
(521, '151610416', 'HOMSAROH', 'P', '', 20, '', '', '', '', '', 'd41d8cd98f00b204e9800998ecf8427e'),
(522, '151610418', 'ILA LEVIANA', 'P', '', 20, '', '', '', '', '', 'd41d8cd98f00b204e9800998ecf8427e'),
(523, '151610419', 'INA MARLINA', 'P', '', 20, '', '', '', '', '', 'd41d8cd98f00b204e9800998ecf8427e'),
(524, '151610426', 'KHARISMA SUCI ROMADHONI', 'P', '', 20, '', '', '', '', '', 'd41d8cd98f00b204e9800998ecf8427e'),
(525, '151610428', 'LENI PRIYANTI', 'P', '', 20, '', '', '', '', '', 'd41d8cd98f00b204e9800998ecf8427e');
INSERT INTO `siswa` (`ids`, `nis`, `nama`, `jk`, `alamat`, `idk`, `tlp`, `bapak`, `k_bapak`, `ibu`, `k_ibu`, `pass`) VALUES
(526, '151610431', 'LULU LUSIANA', 'P', '', 20, '', '', '', '', '', 'd41d8cd98f00b204e9800998ecf8427e'),
(527, '151610432', 'LUSI PUJAYANTI', 'P', '', 20, '', '', '', '', '', 'd41d8cd98f00b204e9800998ecf8427e'),
(528, '151610435', 'MEGA SARTIKA', 'P', '', 20, '', '', '', '', '', 'd41d8cd98f00b204e9800998ecf8427e'),
(529, '151610437', 'MELASARI ARIYANTO', 'P', '', 20, '', '', '', '', '', 'd41d8cd98f00b204e9800998ecf8427e'),
(530, '151610441', 'MILA KARMILA', 'P', '', 20, '', '', '', '', '', 'd41d8cd98f00b204e9800998ecf8427e'),
(531, '151610444', 'MOH.MUKHLISIN', 'L', '', 20, '', '', '', '', '', 'd41d8cd98f00b204e9800998ecf8427e'),
(532, '151610449', 'MURNI WIDANINGSIH', 'P', '', 20, '', '', '', '', '', 'd41d8cd98f00b204e9800998ecf8427e'),
(533, '151610453', 'NIKA AMALIA', 'P', '', 20, '', '', '', '', '', 'd41d8cd98f00b204e9800998ecf8427e'),
(534, '151610456', 'NOER ALFITRIA', 'P', '', 20, '', '', '', '', '', 'd41d8cd98f00b204e9800998ecf8427e'),
(535, '151610457', 'NUKE REGIANA', 'P', '', 20, '', '', '', '', '', 'd41d8cd98f00b204e9800998ecf8427e'),
(536, '151610459', 'NUR ASIYAH', 'P', '', 20, '', '', '', '', '', 'd41d8cd98f00b204e9800998ecf8427e'),
(537, '151610462', 'NUR MUHAMMAD FARHAN', 'L', '', 20, '', '', '', '', '', 'd41d8cd98f00b204e9800998ecf8427e'),
(538, '151610468', 'RENA AGUSTIN', 'P', '', 20, '', '', '', '', '', 'd41d8cd98f00b204e9800998ecf8427e'),
(539, '151610469', 'RENDI DIANA', 'L', '', 20, '', '', '', '', '', 'd41d8cd98f00b204e9800998ecf8427e'),
(540, '151610471', 'REZZA ADITYA EKA PUTRA', 'L', '', 20, '', '', '', '', '', 'd41d8cd98f00b204e9800998ecf8427e'),
(541, '151610475', 'RIKA SETIAWATI', 'P', '', 20, '', '', '', '', '', 'd41d8cd98f00b204e9800998ecf8427e'),
(542, '151610476', 'RINDI PRIMANA', 'L', '', 20, '', '', '', '', '', 'd41d8cd98f00b204e9800998ecf8427e'),
(543, '151610477', 'RIPAN NURAHMAN', 'L', '', 20, '', '', '', '', '', 'd41d8cd98f00b204e9800998ecf8427e'),
(544, '151610484', 'SARAH SEHAN', 'P', '', 20, '', '', '', '', '', 'd41d8cd98f00b204e9800998ecf8427e'),
(545, '151610487', 'SILVY MAULIDA', 'P', '', 20, '', '', '', '', '', 'd41d8cd98f00b204e9800998ecf8427e'),
(546, '151610488', 'SISKA ARIANI KOFARA', 'P', '', 20, '', '', '', '', '', 'd41d8cd98f00b204e9800998ecf8427e'),
(547, '151610489', 'SITI IBNU NURHALIMAH', 'P', '', 20, '', '', '', '', '', 'd41d8cd98f00b204e9800998ecf8427e'),
(548, '151610492', 'SOLEHAH', 'P', '', 20, '', '', '', '', '', 'd41d8cd98f00b204e9800998ecf8427e'),
(549, '151610494', 'SRI WULANDARI', 'P', '', 20, '', '', '', '', '', 'd41d8cd98f00b204e9800998ecf8427e'),
(550, '151610501', 'TRI INTAN FAKILA', 'P', '', 20, '', '', '', '', '', 'd41d8cd98f00b204e9800998ecf8427e'),
(551, '151610503', 'VERA SANTIA', 'P', '', 20, '', '', '', '', '', 'd41d8cd98f00b204e9800998ecf8427e'),
(552, '151610508', 'WHISNU AHLUL HAQI', 'L', '', 20, '', '', '', '', '', 'd41d8cd98f00b204e9800998ecf8427e'),
(553, '151610510', 'WIDIANINGSIH', 'P', '', 20, '', '', '', '', '', 'd41d8cd98f00b204e9800998ecf8427e'),
(554, '151610511', 'WINDI NURHIDAYAH', 'P', '', 20, '', '', '', '', '', 'd41d8cd98f00b204e9800998ecf8427e'),
(555, '151610513', 'ABDUL HAMID', 'L', '', 21, '', '', '', '', '', 'd41d8cd98f00b204e9800998ecf8427e'),
(556, '151610515', 'ADITIA HIDAYATULLAH', 'L', '', 21, '', '', '', '', '', 'd41d8cd98f00b204e9800998ecf8427e'),
(557, '151610516', 'AEF SAEFULLAH', 'L', '', 21, '', '', '', '', '', 'd41d8cd98f00b204e9800998ecf8427e'),
(558, '151610517', 'AGUS JAMALUDIN', 'L', '', 21, '', '', '', '', '', 'd41d8cd98f00b204e9800998ecf8427e'),
(559, '151610519', 'ALITHA SITI HASANAH', 'P', '', 21, '', '', '', '', '', 'd41d8cd98f00b204e9800998ecf8427e'),
(560, '151610521', 'ARIEF NURROHMAN', 'L', '', 21, '', '', '', '', '', 'd41d8cd98f00b204e9800998ecf8427e'),
(561, '151610523', 'AULIANA AGUSTIN', 'P', '', 21, '', '', '', '', '', 'd41d8cd98f00b204e9800998ecf8427e'),
(562, '151610524', 'AZIS KURNIAWAN', 'L', '', 21, '', '', '', '', '', 'd41d8cd98f00b204e9800998ecf8427e'),
(563, '151610526', 'BAGUS MAULANA AL YUSUF', 'L', '', 21, '', '', '', '', '', 'd41d8cd98f00b204e9800998ecf8427e'),
(564, '151610530', 'DEFA SUCI RAMADHANI', 'P', '', 21, '', '', '', '', '', 'd41d8cd98f00b204e9800998ecf8427e'),
(565, '151610531', 'DEFI SANTI', 'P', '', 21, '', '', '', '', '', 'd41d8cd98f00b204e9800998ecf8427e'),
(566, '151610533', 'DICKI HENDRIYANA', 'L', '', 21, '', '', '', '', '', 'd41d8cd98f00b204e9800998ecf8427e'),
(567, '151610534', 'DINA IRVANA', 'P', '', 21, '', '', '', '', '', 'd41d8cd98f00b204e9800998ecf8427e'),
(568, '151610536', 'ELI MELIAWATI', 'P', '', 21, '', '', '', '', '', 'd41d8cd98f00b204e9800998ecf8427e'),
(569, '151610539', 'FARHATUL AZIZAH', 'P', '', 21, '', '', '', '', '', 'd41d8cd98f00b204e9800998ecf8427e'),
(570, '151610541', 'FERI AHMADI', 'L', '', 21, '', '', '', '', '', 'd41d8cd98f00b204e9800998ecf8427e'),
(571, '151610545', 'GUGUN GUNAWAN', 'L', '', 21, '', '', '', '', '', 'd41d8cd98f00b204e9800998ecf8427e'),
(572, '151610547', 'GUSAR MAULANA IMAMUDIN', 'L', '', 21, '', '', '', '', '', 'd41d8cd98f00b204e9800998ecf8427e'),
(573, '151610549', 'HIKMATUN MUAWANAH', 'P', '', 21, '', '', '', '', '', 'd41d8cd98f00b204e9800998ecf8427e'),
(574, '151610550', 'IIS ISMALIAH', 'P', '', 21, '', '', '', '', '', 'd41d8cd98f00b204e9800998ecf8427e'),
(575, '151610551', 'ILA AROFAH', 'P', '', 21, '', '', '', '', '', 'd41d8cd98f00b204e9800998ecf8427e'),
(576, '151610552', 'INDA MELINDA', 'P', '', 21, '', '', '', '', '', 'd41d8cd98f00b204e9800998ecf8427e'),
(577, '151610553', 'INDAH WINDA SARI', 'P', '', 21, '', '', '', '', '', 'd41d8cd98f00b204e9800998ecf8427e'),
(578, '151610557', 'KUSDINI', 'P', '', 21, '', '', '', '', '', 'd41d8cd98f00b204e9800998ecf8427e'),
(579, '151610558', 'LEYZA FEBRIYAN', 'P', '', 21, '', '', '', '', '', 'd41d8cd98f00b204e9800998ecf8427e'),
(580, '151610561', 'MEGA TRI AYU LESTARI', 'P', '', 21, '', '', '', '', '', 'd41d8cd98f00b204e9800998ecf8427e'),
(581, '151610564', 'MOH.ZAQY GHIFARY FIRDAUS', 'L', '', 21, '', '', '', '', '', 'd41d8cd98f00b204e9800998ecf8427e'),
(582, '151610565', 'MOHAMAD SOBRI LUBIS', 'L', '', 21, '', '', '', '', '', 'd41d8cd98f00b204e9800998ecf8427e'),
(583, '151610566', 'MUHAMAD SUDIRMAN SAH', 'L', '', 21, '', '', '', '', '', 'd41d8cd98f00b204e9800998ecf8427e'),
(584, '151610569', 'MUTIARA RAHAYU', 'P', '', 21, '', '', '', '', '', 'd41d8cd98f00b204e9800998ecf8427e'),
(585, '151610570', 'NENENG NAILUFAR', 'P', '', 21, '', '', '', '', '', 'd41d8cd98f00b204e9800998ecf8427e'),
(586, '151610572', 'NOVITASARI', 'P', '', 21, '', '', '', '', '', 'd41d8cd98f00b204e9800998ecf8427e'),
(587, '151610573', 'NUQY RIZINI KHOERUNNISA', 'P', '', 21, '', '', '', '', '', 'd41d8cd98f00b204e9800998ecf8427e'),
(588, '151610574', 'NUR SIVA LAELAWATI', 'P', '', 21, '', '', '', '', '', 'd41d8cd98f00b204e9800998ecf8427e'),
(589, '151610579', 'PUTRIYANI', 'P', '', 21, '', '', '', '', '', 'd41d8cd98f00b204e9800998ecf8427e'),
(590, '151610581', 'RIKITO', 'L', '', 21, '', '', '', '', '', 'd41d8cd98f00b204e9800998ecf8427e'),
(591, '151610583', 'RIZAL JAMALUDIN', 'L', '', 21, '', '', '', '', '', 'd41d8cd98f00b204e9800998ecf8427e'),
(592, '151610586', 'SEPRIYANA SAPUTRA', 'L', '', 21, '', '', '', '', '', 'd41d8cd98f00b204e9800998ecf8427e'),
(593, '151610587', 'SITI AISYAH', 'P', '', 21, '', '', '', '', '', 'd41d8cd98f00b204e9800998ecf8427e'),
(594, '151610590', 'SITI HASANAH', 'P', '', 21, '', '', '', '', '', 'd41d8cd98f00b204e9800998ecf8427e'),
(595, '151610591', 'SITI MAEMUNAH NURUL IKMAH', 'P', '', 21, '', '', '', '', '', 'd41d8cd98f00b204e9800998ecf8427e'),
(596, '151610594', 'SITI SOPIYAH', 'P', '', 21, '', '', '', '', '', 'd41d8cd98f00b204e9800998ecf8427e'),
(597, '151610596', 'SRI SENDI AGUSTIANINGSIH', 'P', '', 21, '', '', '', '', '', 'd41d8cd98f00b204e9800998ecf8427e'),
(598, '151610597', 'SRI WAHYUNI ', 'P', '', 21, '', '', '', '', '', 'd41d8cd98f00b204e9800998ecf8427e'),
(599, '151610604', 'WULANSARI', 'P', '', 21, '', '', '', '', '', 'd41d8cd98f00b204e9800998ecf8427e'),
(600, '151610606', 'YULIANTI', 'P', '', 21, '', '', '', '', '', 'd41d8cd98f00b204e9800998ecf8427e'),
(601, '151610607', 'YULINAH', 'P', '', 21, '', '', '', '', '', 'd41d8cd98f00b204e9800998ecf8427e'),
(602, '151610609', 'ZIHANI', 'P', '', 21, '', '', '', '', '', 'd41d8cd98f00b204e9800998ecf8427e'),
(603, '151610514', 'ADE SUNANDAR HIDAYAT', 'L', '', 22, '', '', '', '', '', 'd41d8cd98f00b204e9800998ecf8427e'),
(604, '151610518', 'ALIF NURHIDAYATULLAH', 'L', '', 22, '', '', '', '', '', 'd41d8cd98f00b204e9800998ecf8427e'),
(605, '151610520', 'ANNISA NUR MAHGRIFATH', 'P', '', 22, '', '', '', '', '', 'd41d8cd98f00b204e9800998ecf8427e'),
(606, '151610522', 'ATIKA PURNAMASARI', 'P', '', 22, '', '', '', '', '', 'd41d8cd98f00b204e9800998ecf8427e'),
(607, '151610525', 'BADRA IRAWAN', 'L', '', 22, '', '', '', '', '', 'd41d8cd98f00b204e9800998ecf8427e'),
(608, '151610527', 'BARKAH FIDIYAWATI', 'P', '', 22, '', '', '', '', '', 'd41d8cd98f00b204e9800998ecf8427e'),
(609, '151610528', 'BAYU ANGGARA', 'L', '', 22, '', '', '', '', '', 'd41d8cd98f00b204e9800998ecf8427e'),
(610, '151610529', 'DANDI MAULUDAN', 'P', '', 22, '', '', '', '', '', 'd41d8cd98f00b204e9800998ecf8427e'),
(611, '151610532', 'DIANA KHOERUN NISA', 'P', '', 22, '', '', '', '', '', 'd41d8cd98f00b204e9800998ecf8427e'),
(612, '151610535', 'EFNA LISA', 'P', '', 22, '', '', '', '', '', 'd41d8cd98f00b204e9800998ecf8427e'),
(613, '151610537', 'ELANG MUHAMAD ROMI MISUARI', 'L', '', 22, '', '', '', '', '', 'd41d8cd98f00b204e9800998ecf8427e'),
(614, '151610538', 'FAJAR FAIZI', 'L', '', 22, '', '', '', '', '', 'd41d8cd98f00b204e9800998ecf8427e'),
(615, '151610540', 'FENIKAH', 'P', '', 22, '', '', '', '', '', 'd41d8cd98f00b204e9800998ecf8427e'),
(616, '151610542', 'FIRA YUNIAR', 'P', '', 22, '', '', '', '', '', 'd41d8cd98f00b204e9800998ecf8427e'),
(617, '151610543', 'FITRIYANA', 'P', '', 22, '', '', '', '', '', 'd41d8cd98f00b204e9800998ecf8427e'),
(618, '151610546', 'GUGUN GUNAWAN', 'L', '', 22, '', '', '', '', '', 'd41d8cd98f00b204e9800998ecf8427e'),
(619, '151610548', 'HEBSY AMALIA OCTAVIA', 'P', '', 22, '', '', '', '', '', 'd41d8cd98f00b204e9800998ecf8427e'),
(620, '151610554', 'INTAN ROHANI', 'P', '', 22, '', '', '', '', '', 'd41d8cd98f00b204e9800998ecf8427e'),
(621, '151610555', 'JANNUAR ANNA ROMADONAL', 'L', '', 22, '', '', '', '', '', 'd41d8cd98f00b204e9800998ecf8427e'),
(622, '151610556', 'KHOFIFAH FEBRIANI', 'P', '', 22, '', '', '', '', '', 'd41d8cd98f00b204e9800998ecf8427e'),
(623, '151610559', 'LIDIA FEBRIANTY', 'P', '', 22, '', '', '', '', '', 'd41d8cd98f00b204e9800998ecf8427e'),
(624, '151610560', 'LUSI PERMATA SARI', 'P', '', 22, '', '', '', '', '', 'd41d8cd98f00b204e9800998ecf8427e'),
(625, '151610562', 'MELINDA', 'P', '', 22, '', '', '', '', '', 'd41d8cd98f00b204e9800998ecf8427e'),
(626, '151610567', 'MUHAMMAD IQSAL AWALLUDIN', 'L', '', 22, '', '', '', '', '', 'd41d8cd98f00b204e9800998ecf8427e'),
(627, '151610568', 'MUHAMMAD SURATNO', 'L', '', 22, '', '', '', '', '', 'd41d8cd98f00b204e9800998ecf8427e'),
(628, '151610571', 'NIKMATUL FAULA', 'P', '', 22, '', '', '', '', '', 'd41d8cd98f00b204e9800998ecf8427e'),
(629, '151610575', 'NURUL MAULA', 'P', '', 22, '', '', '', '', '', 'd41d8cd98f00b204e9800998ecf8427e'),
(630, '151610576', 'ONE HERIYANTO', 'L', '', 22, '', '', '', '', '', 'd41d8cd98f00b204e9800998ecf8427e'),
(631, '151610577', 'PADANG AROPAH', 'P', '', 22, '', '', '', '', '', 'd41d8cd98f00b204e9800998ecf8427e'),
(632, '151610578', 'PITRI MELANIA', 'P', '', 22, '', '', '', '', '', 'd41d8cd98f00b204e9800998ecf8427e'),
(633, '151610580', 'R.ERLANGGA EKA PRATAMA', 'L', '', 22, '', '', '', '', '', 'd41d8cd98f00b204e9800998ecf8427e'),
(634, '151610582', 'RISMAYANTI', 'P', '', 22, '', '', '', '', '', 'd41d8cd98f00b204e9800998ecf8427e'),
(635, '151610584', 'RUDI', 'L', '', 22, '', '', '', '', '', 'd41d8cd98f00b204e9800998ecf8427e'),
(636, '151610585', 'SANDI PERMANA', 'L', '', 22, '', '', '', '', '', 'd41d8cd98f00b204e9800998ecf8427e'),
(637, '151610588', 'SITI HALIMAH', 'P', '', 22, '', '', '', '', '', 'd41d8cd98f00b204e9800998ecf8427e'),
(638, '151610589', 'SITI HAMIDAH', 'P', '', 22, '', '', '', '', '', 'd41d8cd98f00b204e9800998ecf8427e'),
(639, '151610592', 'SITI MAESAROH', 'P', '', 22, '', '', '', '', '', 'd41d8cd98f00b204e9800998ecf8427e'),
(640, '151610593', 'SITI NURHASANAH', 'P', '', 22, '', '', '', '', '', 'd41d8cd98f00b204e9800998ecf8427e'),
(641, '151610595', 'SRI AMANAH', 'P', '', 22, '', '', '', '', '', 'd41d8cd98f00b204e9800998ecf8427e'),
(642, '151610598', 'SRI WAHYUNI (ALMH)', 'P', '', 22, '', '', '', '', '', 'd41d8cd98f00b204e9800998ecf8427e'),
(643, '151610599', 'SUMAYA AGUSTIN', 'P', '', 22, '', '', '', '', '', 'd41d8cd98f00b204e9800998ecf8427e'),
(644, '151610600', 'TARYUDIN', 'L', '', 22, '', '', '', '', '', 'd41d8cd98f00b204e9800998ecf8427e'),
(645, '151610601', 'WIDAYATMAN', 'P', '', 22, '', '', '', '', '', 'd41d8cd98f00b204e9800998ecf8427e'),
(646, '151610602', 'WINDA VIDIA NINGSIH', 'P', '', 22, '', '', '', '', '', 'd41d8cd98f00b204e9800998ecf8427e'),
(647, '151610603', 'WINDI ADITIA', 'P', '', 22, '', '', '', '', '', 'd41d8cd98f00b204e9800998ecf8427e'),
(648, '151610605', 'YENI FITRIYANI', 'P', '', 22, '', '', '', '', '', 'd41d8cd98f00b204e9800998ecf8427e'),
(649, '151610608', 'YUNITA FEBRIYANI', 'P', '', 22, '', '', '', '', '', 'd41d8cd98f00b204e9800998ecf8427e');

-- --------------------------------------------------------

--
-- Struktur dari tabel `user`
--

CREATE TABLE `user` (
  `idu` int(10) NOT NULL,
  `nama` varchar(100) NOT NULL,
  `pass` text NOT NULL,
  `level` varchar(50) NOT NULL,
  `id` int(10) NOT NULL
) ENGINE=InnoDB DEFAULT CHARSET=latin1;

--
-- Dumping data untuk tabel `user`
--

INSERT INTO `user` (`idu`, `nama`, `pass`, `level`, `id`) VALUES
(1, 'admin', '21232f297a57a5a743894a0e4a801fc3', 'admin', 0),
(5, 'Dra. SRI MEIYATI', '25d55ad283aa400af464c76d713c07ad', 'admin_guru', 2),
(6, 'NANA RAHMAT PURNAMA, S.Pd', '25d55ad283aa400af464c76d713c07ad', 'admin_guru', 2),
(7, 'KRISNUGROHO, S.Pd', '25d55ad283aa400af464c76d713c07ad', 'admin_guru', 2);

--
-- Indexes for dumped tables
--

--
-- Indexes for table `absen`
--
ALTER TABLE `absen`
  ADD PRIMARY KEY (`ida`),
  ADD UNIQUE KEY `ida` (`ida`),
  ADD UNIQUE KEY `ida_3` (`ida`),
  ADD KEY `ida_2` (`ida`);

--
-- Indexes for table `guru`
--
ALTER TABLE `guru`
  ADD PRIMARY KEY (`idg`);

--
-- Indexes for table `kelas`
--
ALTER TABLE `kelas`
  ADD PRIMARY KEY (`idk`);

--
-- Indexes for table `sekolah`
--
ALTER TABLE `sekolah`
  ADD PRIMARY KEY (`id`);

--
-- Indexes for table `siswa`
--
ALTER TABLE `siswa`
  ADD PRIMARY KEY (`ids`);

--
-- Indexes for table `user`
--
ALTER TABLE `user`
  ADD PRIMARY KEY (`idu`);

--
-- AUTO_INCREMENT for dumped tables
--

--
-- AUTO_INCREMENT for table `absen`
--
ALTER TABLE `absen`
  MODIFY `ida` int(10) NOT NULL AUTO_INCREMENT, AUTO_INCREMENT=273;
--
-- AUTO_INCREMENT for table `guru`
--
ALTER TABLE `guru`
  MODIFY `idg` int(10) NOT NULL AUTO_INCREMENT, AUTO_INCREMENT=42;
--
-- AUTO_INCREMENT for table `kelas`
--
ALTER TABLE `kelas`
  MODIFY `idk` int(10) NOT NULL AUTO_INCREMENT, AUTO_INCREMENT=23;
--
-- AUTO_INCREMENT for table `sekolah`
--
ALTER TABLE `sekolah`
  MODIFY `id` int(10) NOT NULL AUTO_INCREMENT, AUTO_INCREMENT=3;
--
-- AUTO_INCREMENT for table `siswa`
--
ALTER TABLE `siswa`
  MODIFY `ids` int(10) NOT NULL AUTO_INCREMENT, AUTO_INCREMENT=650;
--
-- AUTO_INCREMENT for table `user`
--
ALTER TABLE `user`
  MODIFY `idu` int(10) NOT NULL AUTO_INCREMENT, AUTO_INCREMENT=8;
/*!40101 SET CHARACTER_SET_CLIENT=@OLD_CHARACTER_SET_CLIENT */;
/*!40101 SET CHARACTER_SET_RESULTS=@OLD_CHARACTER_SET_RESULTS */;
/*!40101 SET COLLATION_CONNECTION=@OLD_COLLATION_CONNECTION */;
